{
  "phase": "Test-111 (H cascade val-thr)",
  "n_total": 342,
  "confusion_3band": [
    [
      114,
      0,
      0
    ],
    [
      9,
      102,
      3
    ],
    [
      4,
      100,
      10
    ]
  ],
  "confusion_binary_safety": [
    [
      215,
      13
    ],
    [
      0,
      114
    ]
  ],
  "per_band": {
    "high": {
      "n_pred": 127,
      "n_true_ideal_label": 114,
      "ideal_label_name": "malignant",
      "precision": 0.8976377952755905,
      "recall": 1.0,
      "share_of_test": 0.3713450292397661
    },
    "medium": {
      "n_pred": 202,
      "n_true_ideal_label": 114,
      "ideal_label_name": "benign",
      "precision": 0.504950495049505,
      "recall": 0.8947368421052632,
      "share_of_test": 0.5906432748538012
    },
    "low": {
      "n_pred": 13,
      "n_true_ideal_label": 114,
      "ideal_label_name": "no_tumor",
      "precision": 0.7692307692307693,
      "recall": 0.08771929824561403,
      "share_of_test": 0.038011695906432746
    }
  },
  "safety": {
    "mal_to_low": 0,
    "high_recall": 1.0,
    "high_precision": 0.8976377952755905,
    "medium_share": 0.5906432748538012,
    "binary_roc_auc": 0.9983071714373654
  },
  "distribution": {
    "malignant": {
      "n": 114,
      "mean": 0.9932879691423746,
      "std": 0.030569405684312222,
      "min": 0.7221772529483249,
      "max": 0.9997879551791865
    },
    "benign": {
      "n": 114,
      "mean": 0.08085843953712199,
      "std": 0.230169334759512,
      "min": 0.00014357504543239985,
      "max": 0.9951298251499998
    },
    "no_tumor": {
      "n": 114,
      "mean": 0.05784949117672541,
      "std": 0.16071708862943884,
      "min": 0.00012899168758382957,
      "max": 0.9805796050480061
    }
  },
  "calibration": {
    "bin_centers": [
      0.05,
      0.15000000000000002,
      0.25,
      0.35000000000000003,
      0.45,
      0.55,
      0.6500000000000001,
      0.75,
      0.8500000000000001,
      0.95
    ],
    "bin_mean_pred": [
      0.008731058824746724,
      0.16956118859063932,
      0.24678901050895344,
      0.0,
      0.44703956211242,
      0.5509929379968276,
      0.6971116181738479,
      0.7290673001093975,
      0.8535742925910773,
      0.9955753742476746
    ],
    "bin_mean_true": [
      0.0,
      0.0,
      0.0,
      0.0,
      0.0,
      0.0,
      0.0,
      0.25,
      0.5,
      0.9491525423728814
    ],
    "bin_count": [
      201,
      6,
      6,
      0,
      2,
      2,
      1,
      4,
      2,
      118
    ],
    "brier_score": 0.02989069867902314
  },
  "thresholds": {
    "tau1": 0.16000000000000003,
    "tau2": 0.5000000000000002,
    "T_tumor": 2.286531925201416,
    "T_mal": 1.011910080909729
  },
  "seg_dice": 0.9823493402579735,
  "p_tumor_brier": 0.2734826377068905,
  "p_mal_brier": 0.029918170426514384,
  "p_tumor_calib_brier": 0.21479976000812573,
  "p_mal_calib_brier": 0.02989069867902314,
  "diagnostic_search_on_self": {
    "mal_to_low": 0,
    "high_recall": 0.9912280701754386,
    "high_precision": 0.9495798319327731,
    "low_precision_nt": 0.7692307692307693,
    "ben_to_low_share": 0.02631578947368421,
    "nt_to_high_share": 0.008771929824561403,
    "nt_to_low_share": 0.08771929824561403,
    "n_high_pred": 119,
    "n_med_pred": 210,
    "n_low_pred": 13,
    "tau1": 0.16000000000000003,
    "tau2": 0.8400000000000005,
    "tumor_recall": 0.9868421052631579,
    "objective": 0.8594053005817712,
    "fallback_used": null
  }
}