{
  "phase": "Test-112 (H cascade val-thr)",
  "n_total": 456,
  "confusion_3band": [
    [
      114,
      0,
      0
    ],
    [
      9,
      102,
      3
    ],
    [
      13,
      198,
      17
    ]
  ],
  "confusion_binary_safety": [
    [
      320,
      22
    ],
    [
      0,
      114
    ]
  ],
  "per_band": {
    "high": {
      "n_pred": 136,
      "n_true_ideal_label": 114,
      "ideal_label_name": "malignant",
      "precision": 0.8382352941176471,
      "recall": 1.0,
      "share_of_test": 0.2982456140350877
    },
    "medium": {
      "n_pred": 300,
      "n_true_ideal_label": 114,
      "ideal_label_name": "benign",
      "precision": 0.34,
      "recall": 0.8947368421052632,
      "share_of_test": 0.6578947368421053
    },
    "low": {
      "n_pred": 20,
      "n_true_ideal_label": 228,
      "ideal_label_name": "no_tumor",
      "precision": 0.85,
      "recall": 0.07456140350877193,
      "share_of_test": 0.043859649122807015
    }
  },
  "safety": {
    "mal_to_low": 0,
    "high_recall": 1.0,
    "high_precision": 0.8382352941176471,
    "medium_share": 0.6578947368421053,
    "binary_roc_auc": 0.9975633528265108
  },
  "distribution": {
    "malignant": {
      "n": 114,
      "mean": 0.9932879691423746,
      "std": 0.030569405684312222,
      "min": 0.7221772529483249,
      "max": 0.9997879551791865
    },
    "benign": {
      "n": 114,
      "mean": 0.08085843953712199,
      "std": 0.230169334759512,
      "min": 0.00014357504543239985,
      "max": 0.9951298251499998
    },
    "no_tumor": {
      "n": 228,
      "mean": 0.08138955801968825,
      "std": 0.21661705959751207,
      "min": 0.00012899168758382957,
      "max": 0.9975110519771605
    }
  },
  "calibration": {
    "bin_centers": [
      0.05,
      0.15000000000000002,
      0.25,
      0.35000000000000003,
      0.45,
      0.55,
      0.6500000000000001,
      0.75,
      0.8500000000000001,
      0.95
    ],
    "bin_mean_pred": [
      0.008838250163317957,
      0.15807151460167418,
      0.25368038837906026,
      0.3532542591159144,
      0.45507626916690147,
      0.5509929379968276,
      0.6971116181738479,
      0.7398474864142226,
      0.8678631976329367,
      0.9946474806338056
    ],
    "bin_mean_true": [
      0.0,
      0.0,
      0.0,
      0.0,
      0.0,
      0.0,
      0.0,
      0.2,
      0.25,
      0.9032258064516129
    ],
    "bin_count": [
      297,
      9,
      7,
      3,
      4,
      2,
      1,
      5,
      4,
      124
    ],
    "brier_score": 0.041897492789191276
  },
  "thresholds": {
    "tau1": 0.16000000000000003,
    "tau2": 0.5000000000000002,
    "T_tumor": 2.286531925201416,
    "T_mal": 1.011910080909729
  },
  "seg_dice": 0.9817963145500006,
  "p_tumor_brier": 0.2838358336984282,
  "p_mal_brier": 0.041947295334809016,
  "p_tumor_calib_brier": 0.22601640033008533,
  "p_mal_calib_brier": 0.041897492789191276,
  "diagnostic_search_on_self": {
    "mal_to_low": 0,
    "high_recall": 0.9824561403508771,
    "high_precision": 0.9032258064516129,
    "low_precision_nt": 0.85,
    "ben_to_low_share": 0.02631578947368421,
    "nt_to_high_share": 0.03070175438596491,
    "nt_to_low_share": 0.07456140350877193,
    "n_high_pred": 124,
    "n_med_pred": 312,
    "n_low_pred": 20,
    "tau1": 0.16000000000000003,
    "tau2": 0.9000000000000006,
    "tumor_recall": 0.9868421052631579,
    "objective": 0.8766129032258064,
    "fallback_used": null
  }
}