{
  "phase": "Test-111 (val-thr)",
  "thresholds": {
    "t_low": 0.27,
    "t_high": 0.5
  },
  "n_total": 342,
  "confusion_3band": [
    [
      114,
      0,
      0
    ],
    [
      16,
      61,
      37
    ],
    [
      6,
      38,
      70
    ]
  ],
  "confusion_binary_safety": [
    [
      206,
      22
    ],
    [
      0,
      114
    ]
  ],
  "per_band": {
    "high": {
      "n_pred": 136,
      "n_true_ideal_label": 114,
      "ideal_label_name": "malignant",
      "precision": 0.8382352941176471,
      "recall": 1.0,
      "share_of_test": 0.39766081871345027
    },
    "medium": {
      "n_pred": 99,
      "n_true_ideal_label": 114,
      "ideal_label_name": "benign",
      "precision": 0.6161616161616161,
      "recall": 0.5350877192982456,
      "share_of_test": 0.2894736842105263
    },
    "low": {
      "n_pred": 107,
      "n_true_ideal_label": 114,
      "ideal_label_name": "no_tumor",
      "precision": 0.6542056074766355,
      "recall": 0.6140350877192983,
      "share_of_test": 0.3128654970760234
    }
  },
  "safety": {
    "mal_to_low": 0,
    "high_recall": 1.0,
    "high_precision": 0.8382352941176471,
    "medium_share": 0.2894736842105263,
    "binary_roc_auc": 1.0
  },
  "distribution": {
    "malignant": {
      "n": 114,
      "mean": 0.996620540033307,
      "std": 0.004547072404641167,
      "min": 0.9732672572135925,
      "max": 0.9995988011360168
    },
    "benign": {
      "n": 114,
      "mean": 0.3408982371421237,
      "std": 0.1376982977391564,
      "min": 0.08506965637207031,
      "max": 0.7900761365890503
    },
    "no_tumor": {
      "n": 114,
      "mean": 0.2515637532464768,
      "std": 0.1380762957668609,
      "min": 0.058120790868997574,
      "max": 0.8093851208686829
    }
  },
  "calibration": {
    "bin_centers": [
      0.05,
      0.15000000000000002,
      0.25,
      0.35000000000000003,
      0.45,
      0.55,
      0.6500000000000001,
      0.75,
      0.8500000000000001,
      0.95
    ],
    "bin_mean_pred": [
      0.08323295996524394,
      0.14906301400200886,
      0.24740543529607248,
      0.34892365150153637,
      0.44589922962517575,
      0.5466726772925433,
      0.630943238735199,
      0.767535924911499,
      0.8093851208686829,
      0.996620540033307
    ],
    "bin_mean_true": [
      0.0,
      0.0,
      0.0,
      0.0,
      0.0,
      0.0,
      0.0,
      0.0,
      0.0,
      1.0
    ],
    "bin_count": [
      16,
      44,
      69,
      48,
      29,
      17,
      2,
      2,
      1,
      114
    ],
    "brier_score": 0.07251797043471346
  },
  "seg_dice": 0.9722510843441404,
  "diagnostic_search_on_self": {
    "profile_used": "primary",
    "t_low": 0.25000000000000006,
    "t_high": 0.5,
    "metrics": {
      "t_low": 0.25000000000000006,
      "t_high": 0.5,
      "mal_to_low": 0,
      "high_recall": 1.0,
      "high_precision": 0.8382352941176471,
      "medium_share": 0.30994152046783624,
      "low_precision": 0.67,
      "n_high_pred": 136,
      "n_med_pred": 106,
      "n_low_pred": 100
    }
  }
}