{
  "phase": "Test-112 (val-thr)",
  "thresholds": {
    "t_low": 0.27,
    "t_high": 0.5
  },
  "n_total": 456,
  "confusion_3band": [
    [
      114,
      0,
      0
    ],
    [
      16,
      61,
      37
    ],
    [
      14,
      76,
      138
    ]
  ],
  "confusion_binary_safety": [
    [
      312,
      30
    ],
    [
      0,
      114
    ]
  ],
  "per_band": {
    "high": {
      "n_pred": 144,
      "n_true_ideal_label": 114,
      "ideal_label_name": "malignant",
      "precision": 0.7916666666666666,
      "recall": 1.0,
      "share_of_test": 0.3157894736842105
    },
    "medium": {
      "n_pred": 137,
      "n_true_ideal_label": 114,
      "ideal_label_name": "benign",
      "precision": 0.44525547445255476,
      "recall": 0.5350877192982456,
      "share_of_test": 0.30043859649122806
    },
    "low": {
      "n_pred": 175,
      "n_true_ideal_label": 228,
      "ideal_label_name": "no_tumor",
      "precision": 0.7885714285714286,
      "recall": 0.6052631578947368,
      "share_of_test": 0.38377192982456143
    }
  },
  "safety": {
    "mal_to_low": 0,
    "high_recall": 1.0,
    "high_precision": 0.7916666666666666,
    "medium_share": 0.30043859649122806,
    "binary_roc_auc": 1.0
  },
  "distribution": {
    "malignant": {
      "n": 114,
      "mean": 0.996620540033307,
      "std": 0.004547072404641167,
      "min": 0.9732672572135925,
      "max": 0.9995988011360168
    },
    "benign": {
      "n": 114,
      "mean": 0.3408982371421237,
      "std": 0.1376982977391564,
      "min": 0.08506965637207031,
      "max": 0.7900761365890503
    },
    "no_tumor": {
      "n": 228,
      "mean": 0.26348509213053867,
      "std": 0.14488374502414786,
      "min": 0.058120790868997574,
      "max": 0.9289447665214539
    }
  },
  "calibration": {
    "bin_centers": [
      0.05,
      0.15000000000000002,
      0.25,
      0.35000000000000003,
      0.45,
      0.55,
      0.6500000000000001,
      0.75,
      0.8500000000000001,
      0.95
    ],
    "bin_mean_pred": [
      0.08413526471704244,
      0.15122269847918124,
      0.24590076045277193,
      0.34993235536024603,
      0.44283164888620374,
      0.5453235904375712,
      0.6295053760210673,
      0.7452988823254904,
      0.8177990913391113,
      0.9960320550462474
    ],
    "bin_mean_true": [
      0.0,
      0.0,
      0.0,
      0.0,
      0.0,
      0.0,
      0.0,
      0.0,
      0.0,
      0.991304347826087
    ],
    "bin_count": [
      20,
      84,
      97,
      71,
      40,
      21,
      3,
      3,
      2,
      115
    ],
    "brier_score": 0.07900897814962747
  },
  "seg_dice": 0.9715478545011476,
  "diagnostic_search_on_self": {
    "profile_used": "primary",
    "t_low": 0.25000000000000006,
    "t_high": 0.5,
    "metrics": {
      "t_low": 0.25000000000000006,
      "t_high": 0.5,
      "mal_to_low": 0,
      "high_recall": 1.0,
      "high_precision": 0.7916666666666666,
      "medium_share": 0.3267543859649123,
      "low_precision": 0.7975460122699386,
      "n_high_pred": 144,
      "n_med_pred": 149,
      "n_low_pred": 163
    }
  }
}