{
  "phase": "Test-0514 (val-thr)",
  "thresholds": {
    "t_low": 0.21000000000000002,
    "t_high": 0.5
  },
  "n_total": 1167,
  "confusion_3band": [
    [
      103,
      1,
      0
    ],
    [
      4,
      87,
      67
    ],
    [
      3,
      215,
      687
    ]
  ],
  "confusion_binary_safety": [
    [
      1056,
      7
    ],
    [
      1,
      103
    ]
  ],
  "per_band": {
    "high": {
      "n_pred": 110,
      "n_true_ideal_label": 104,
      "ideal_label_name": "malignant",
      "precision": 0.9363636363636364,
      "recall": 0.9903846153846154,
      "share_of_test": 0.09425878320479864
    },
    "medium": {
      "n_pred": 303,
      "n_true_ideal_label": 158,
      "ideal_label_name": "benign",
      "precision": 0.2871287128712871,
      "recall": 0.5506329113924051,
      "share_of_test": 0.2596401028277635
    },
    "low": {
      "n_pred": 754,
      "n_true_ideal_label": 905,
      "ideal_label_name": "no_tumor",
      "precision": 0.9111405835543767,
      "recall": 0.7591160220994475,
      "share_of_test": 0.6461011139674379
    }
  },
  "safety": {
    "mal_to_low": 0,
    "high_recall": 0.9903846153846154,
    "high_precision": 0.9363636363636364,
    "medium_share": 0.2596401028277635,
    "binary_roc_auc": 0.9999185903466241
  },
  "distribution": {
    "malignant": {
      "n": 104,
      "mean": 0.979144071157162,
      "std": 0.06285360606412314,
      "min": 0.48327648639678955,
      "max": 0.999809205532074
    },
    "benign": {
      "n": 158,
      "mean": 0.24881579539491028,
      "std": 0.1388269692395066,
      "min": 0.022206967696547508,
      "max": 0.7228837013244629
    },
    "no_tumor": {
      "n": 905,
      "mean": 0.14242762701884323,
      "std": 0.102066938568652,
      "min": 0.007939593866467476,
      "max": 0.6408423185348511
    }
  },
  "calibration": {
    "bin_centers": [
      0.05,
      0.15000000000000002,
      0.25,
      0.35000000000000003,
      0.45,
      0.55,
      0.6500000000000001,
      0.75,
      0.8500000000000001,
      0.95
    ],
    "bin_mean_pred": [
      0.055818030024848635,
      0.14697735637527745,
      0.24600649464835403,
      0.3398051772798811,
      0.43498826603735646,
      0.5186113357543946,
      0.6408423185348511,
      0.7228837013244629,
      0.8621078431606293,
      0.9942194123017161
    ],
    "bin_mean_true": [
      0.0,
      0.0,
      0.0,
      0.0,
      0.03225806451612903,
      0.0,
      0.0,
      0.0,
      1.0,
      1.0
    ],
    "bin_count": [
      434,
      294,
      186,
      112,
      31,
      5,
      1,
      1,
      8,
      95
    ],
    "brier_score": 0.03519225802454503
  },
  "seg_dice": 0.9594886044957744,
  "diagnostic_search_on_self": {
    "profile_used": "primary",
    "t_low": 0.19,
    "t_high": 0.5,
    "metrics": {
      "t_low": 0.19,
      "t_high": 0.5,
      "mal_to_low": 0,
      "high_recall": 0.9903846153846154,
      "high_precision": 0.9363636363636364,
      "medium_share": 0.3050556983718937,
      "low_precision": 0.9215406562054208,
      "n_high_pred": 110,
      "n_med_pred": 356,
      "n_low_pred": 701
    }
  }
}