{
  "phase": "Test-112 (calib+val-thr)",
  "thresholds": {
    "t_low": 0.05,
    "t_high": 0.5
  },
  "n_total": 456,
  "confusion_3band": [
    [
      114,
      0,
      0
    ],
    [
      5,
      64,
      45
    ],
    [
      11,
      53,
      164
    ]
  ],
  "confusion_binary_safety": [
    [
      326,
      16
    ],
    [
      0,
      114
    ]
  ],
  "per_band": {
    "high": {
      "n_pred": 130,
      "n_true_ideal_label": 114,
      "ideal_label_name": "malignant",
      "precision": 0.8769230769230769,
      "recall": 1.0,
      "share_of_test": 0.2850877192982456
    },
    "medium": {
      "n_pred": 117,
      "n_true_ideal_label": 114,
      "ideal_label_name": "benign",
      "precision": 0.5470085470085471,
      "recall": 0.5614035087719298,
      "share_of_test": 0.2565789473684211
    },
    "low": {
      "n_pred": 209,
      "n_true_ideal_label": 228,
      "ideal_label_name": "no_tumor",
      "precision": 0.784688995215311,
      "recall": 0.7192982456140351,
      "share_of_test": 0.4583333333333333
    }
  },
  "safety": {
    "mal_to_low": 0,
    "high_recall": 1.0,
    "high_precision": 0.8769230769230769,
    "medium_share": 0.2565789473684211,
    "binary_roc_auc": 0.9992305324715297
  },
  "distribution": {
    "malignant": {
      "n": 114,
      "mean": 0.999259483833195,
      "std": 0.004162239644731469,
      "min": 0.9615850821076125,
      "max": 0.9999999991647377
    },
    "benign": {
      "n": 114,
      "mean": 0.13446223680766467,
      "std": 0.17685393564589663,
      "min": 1.7284446797114615e-05,
      "max": 0.9902037397207445
    },
    "no_tumor": {
      "n": 228,
      "mean": 0.08052292831908642,
      "std": 0.18069371727032513,
      "min": 2.1306913296653164e-06,
      "max": 0.9999998256088669
    }
  },
  "calibration": {
    "bin_centers": [
      0.05,
      0.15000000000000002,
      0.25,
      0.35000000000000003,
      0.45,
      0.55,
      0.6500000000000001,
      0.75,
      0.8500000000000001,
      0.95
    ],
    "bin_mean_pred": [
      0.023140434935284053,
      0.14289529319557479,
      0.2518512917412292,
      0.3346153326815385,
      0.4519786567462955,
      0.5470132354936148,
      0.6759639822058545,
      0.7719546876972108,
      0.8755160936013312,
      0.9987703177960435
    ],
    "bin_mean_true": [
      0.0,
      0.0,
      0.0,
      0.0,
      0.0,
      0.0,
      0.0,
      0.0,
      0.0,
      0.957983193277311
    ],
    "bin_count": [
      253,
      44,
      17,
      6,
      6,
      4,
      2,
      3,
      2,
      119
    ],
    "brier_score": 0.03191090079397868
  },
  "seg_dice": 0.9879533218783002,
  "temperature_T": 0.4137331247329712,
  "raw_brier": 0.053163514427201485,
  "calib_brier": 0.03191090079397868,
  "diagnostic_search_on_self": {
    "profile_used": "primary",
    "t_low": 0.05,
    "t_high": 0.5,
    "metrics": {
      "t_low": 0.05,
      "t_high": 0.5,
      "mal_to_low": 0,
      "high_recall": 1.0,
      "high_precision": 0.8769230769230769,
      "medium_share": 0.2565789473684211,
      "low_precision": 0.784688995215311,
      "n_high_pred": 130,
      "n_med_pred": 117,
      "n_low_pred": 209
    }
  }
}