{
  "phase": "Test-111 (calib+val-thr)",
  "thresholds": {
    "t_low": 0.05,
    "t_high": 0.5
  },
  "n_total": 342,
  "confusion_3band": [
    [
      114,
      0,
      0
    ],
    [
      5,
      64,
      45
    ],
    [
      7,
      23,
      84
    ]
  ],
  "confusion_binary_safety": [
    [
      216,
      12
    ],
    [
      0,
      114
    ]
  ],
  "per_band": {
    "high": {
      "n_pred": 126,
      "n_true_ideal_label": 114,
      "ideal_label_name": "malignant",
      "precision": 0.9047619047619048,
      "recall": 1.0,
      "share_of_test": 0.3684210526315789
    },
    "medium": {
      "n_pred": 87,
      "n_true_ideal_label": 114,
      "ideal_label_name": "benign",
      "precision": 0.735632183908046,
      "recall": 0.5614035087719298,
      "share_of_test": 0.2543859649122807
    },
    "low": {
      "n_pred": 129,
      "n_true_ideal_label": 114,
      "ideal_label_name": "no_tumor",
      "precision": 0.6511627906976745,
      "recall": 0.7368421052631579,
      "share_of_test": 0.37719298245614036
    }
  },
  "safety": {
    "mal_to_low": 0,
    "high_recall": 1.0,
    "high_precision": 0.9047619047619048,
    "medium_share": 0.2543859649122807,
    "binary_roc_auc": 0.9994228993536473
  },
  "distribution": {
    "malignant": {
      "n": 114,
      "mean": 0.999259483833195,
      "std": 0.004162239644731469,
      "min": 0.9615850821076125,
      "max": 0.9999999991647377
    },
    "benign": {
      "n": 114,
      "mean": 0.13446223680766467,
      "std": 0.17685393564589663,
      "min": 1.7284446797114615e-05,
      "max": 0.9902037397207445
    },
    "no_tumor": {
      "n": 114,
      "mean": 0.08684362320901795,
      "std": 0.19882847952805915,
      "min": 2.1306913296653164e-06,
      "max": 0.9999593940617524
    }
  },
  "calibration": {
    "bin_centers": [
      0.05,
      0.15000000000000002,
      0.25,
      0.35000000000000003,
      0.45,
      0.55,
      0.6500000000000001,
      0.75,
      0.8500000000000001,
      0.95
    ],
    "bin_mean_pred": [
      0.025972104548199305,
      0.14376857375015056,
      0.25340058819873196,
      0.3500245393759561,
      0.4448170520841083,
      0.5538184772785155,
      0.6759639822058545,
      0.7895431203020657,
      0.8622128070826799,
      0.9987599015184949
    ],
    "bin_mean_true": [
      0.0,
      0.0,
      0.0,
      0.0,
      0.0,
      0.0,
      0.0,
      0.0,
      0.0,
      0.9661016949152542
    ],
    "bin_count": [
      162,
      31,
      14,
      4,
      5,
      3,
      2,
      2,
      1,
      118
    ],
    "brier_score": 0.03214995314910887
  },
  "seg_dice": 0.98838334453517,
  "temperature_T": 0.4137331247329712,
  "raw_brier": 0.0519857577732218,
  "calib_brier": 0.03214995314910887,
  "diagnostic_search_on_self": {
    "profile_used": "primary",
    "t_low": 0.05,
    "t_high": 0.5,
    "metrics": {
      "t_low": 0.05,
      "t_high": 0.5,
      "mal_to_low": 0,
      "high_recall": 1.0,
      "high_precision": 0.9047619047619048,
      "medium_share": 0.2543859649122807,
      "low_precision": 0.6511627906976745,
      "n_high_pred": 126,
      "n_med_pred": 87,
      "n_low_pred": 129
    }
  }
}