{
  "phase": "Test (S4_natural)",
  "thresholds": {
    "t_low": 0.07,
    "t_high": 0.5
  },
  "n_total": 1167,
  "confusion_3band": [
    [
      104,
      0,
      0
    ],
    [
      37,
      72,
      49
    ],
    [
      20,
      235,
      650
    ]
  ],
  "confusion_binary_safety": [
    [
      1006,
      57
    ],
    [
      0,
      104
    ]
  ],
  "per_band": {
    "high": {
      "n_pred": 161,
      "n_true_ideal_label": 104,
      "ideal_label_name": "malignant",
      "precision": 0.6459627329192547,
      "recall": 1.0,
      "share_of_test": 0.1379605826906598
    },
    "medium": {
      "n_pred": 307,
      "n_true_ideal_label": 158,
      "ideal_label_name": "benign",
      "precision": 0.23452768729641693,
      "recall": 0.45569620253164556,
      "share_of_test": 0.26306769494430166
    },
    "low": {
      "n_pred": 699,
      "n_true_ideal_label": 905,
      "ideal_label_name": "no_tumor",
      "precision": 0.9298998569384835,
      "recall": 0.7182320441988951,
      "share_of_test": 0.5989717223650386
    }
  },
  "safety": {
    "mal_to_low": 0,
    "high_recall": 1.0,
    "high_precision": 0.6459627329192547,
    "medium_share": 0.26306769494430166,
    "binary_roc_auc": 0.9993668138070773
  },
  "distribution": {
    "malignant": {
      "n": 104,
      "mean": 0.9830625458405569,
      "std": 0.05952982150738832,
      "min": 0.5232191681861877,
      "max": 0.9995299577713013
    },
    "benign": {
      "n": 158,
      "mean": 0.26478028581241925,
      "std": 0.24397704389160912,
      "min": 0.0029649734497070312,
      "max": 0.9852657914161682
    },
    "no_tumor": {
      "n": 905,
      "mean": 0.08036854008884164,
      "std": 0.13203823612071477,
      "min": 0.0014637127751484513,
      "max": 0.8183385729789734
    }
  },
  "calibration": {
    "bin_centers": [
      0.05,
      0.15000000000000002,
      0.25,
      0.35000000000000003,
      0.45,
      0.55,
      0.6500000000000001,
      0.75,
      0.8500000000000001,
      0.95
    ],
    "bin_mean_pred": [
      0.024645741559159984,
      0.13933550293690392,
      0.25056867727211546,
      0.34887697322424066,
      0.4487782234654707,
      0.5499422755734674,
      0.6485597623719109,
      0.7566136036600385,
      0.8482198894023896,
      0.9974579571448651
    ],
    "bin_mean_true": [
      0.0,
      0.0,
      0.0,
      0.0,
      0.0,
      0.034482758620689655,
      0.0,
      0.14285714285714285,
      0.6,
      0.9896907216494846
    ],
    "bin_count": [
      761,
      112,
      56,
      43,
      34,
      29,
      18,
      7,
      10,
      97
    ],
    "brier_score": 0.03642143227561155
  },
  "seg_dice": 0.9799088497660053,
  "exp_label": "S4_natural",
  "sampler_mode": "natural",
  "samples_per_class": null,
  "train_xlsx": "/data1/ouyangxinglong/GBP-Cascade/0514/logs/20260514_task_risk_SwinV2Tiny_ordinal_trimodal_1/train_split.xlsx",
  "best_epoch": 10,
  "best_val_auc": 0.9971484583853146
}