{
  "best_epoch": 10,
  "best_val_auc": 0.9971484583853146,
  "t_low": 0.07,
  "t_high": 0.5,
  "profile_used": "primary",
  "val_metrics": {
    "t_low": 0.07,
    "t_high": 0.5,
    "mal_to_low": 0,
    "high_recall": 0.9838709677419355,
    "high_precision": 0.6853932584269663,
    "medium_share": 0.27358490566037735,
    "low_precision": 0.9223744292237442,
    "n_high_pred": 89,
    "n_med_pred": 116,
    "n_low_pred": 219
  }
}