{
  "phase": "Test-112 (val-thr)",
  "thresholds": {
    "t_low": 0.25000000000000006,
    "t_high": 0.5
  },
  "n_total": 456,
  "confusion_3band": [
    [
      114,
      0,
      0
    ],
    [
      26,
      57,
      31
    ],
    [
      22,
      70,
      136
    ]
  ],
  "confusion_binary_safety": [
    [
      294,
      48
    ],
    [
      0,
      114
    ]
  ],
  "per_band": {
    "high": {
      "n_pred": 162,
      "n_true_ideal_label": 114,
      "ideal_label_name": "malignant",
      "precision": 0.7037037037037037,
      "recall": 1.0,
      "share_of_test": 0.35526315789473684
    },
    "medium": {
      "n_pred": 127,
      "n_true_ideal_label": 114,
      "ideal_label_name": "benign",
      "precision": 0.44881889763779526,
      "recall": 0.5,
      "share_of_test": 0.27850877192982454
    },
    "low": {
      "n_pred": 167,
      "n_true_ideal_label": 228,
      "ideal_label_name": "no_tumor",
      "precision": 0.8143712574850299,
      "recall": 0.5964912280701754,
      "share_of_test": 0.36622807017543857
    }
  },
  "safety": {
    "mal_to_low": 0,
    "high_recall": 1.0,
    "high_precision": 0.7037037037037037,
    "medium_share": 0.27850877192982454,
    "binary_roc_auc": 1.0
  },
  "distribution": {
    "malignant": {
      "n": 114,
      "mean": 0.9969473141327239,
      "std": 0.0023968431361259274,
      "min": 0.9855095744132996,
      "max": 0.999099612236023
    },
    "benign": {
      "n": 114,
      "mean": 0.3644695064347041,
      "std": 0.18038007598570485,
      "min": 0.06397674232721329,
      "max": 0.836312472820282
    },
    "no_tumor": {
      "n": 228,
      "mean": 0.2566056779111948,
      "std": 0.17361400752162115,
      "min": 0.041761189699172974,
      "max": 0.9283937811851501
    }
  },
  "calibration": {
    "bin_centers": [
      0.05,
      0.15000000000000002,
      0.25,
      0.35000000000000003,
      0.45,
      0.55,
      0.6500000000000001,
      0.75,
      0.8500000000000001,
      0.95
    ],
    "bin_mean_pred": [
      0.0743057051828752,
      0.14946376821026205,
      0.2525682989985515,
      0.34841741709148183,
      0.4506137636867729,
      0.5480064998070399,
      0.6332086324691772,
      0.7542645558714867,
      0.8273892402648926,
      0.9963511964549189
    ],
    "bin_mean_true": [
      0.0,
      0.0,
      0.0,
      0.0,
      0.0,
      0.0,
      0.0,
      0.0,
      0.0,
      0.991304347826087
    ],
    "bin_count": [
      48,
      80,
      78,
      51,
      37,
      24,
      11,
      8,
      4,
      115
    ],
    "brier_score": 0.08934166294233792
  },
  "seg_dice": 0.9818064958550209,
  "diagnostic_search_on_self": {
    "profile_used": "primary",
    "t_low": 0.25000000000000006,
    "t_high": 0.5,
    "metrics": {
      "t_low": 0.25000000000000006,
      "t_high": 0.5,
      "mal_to_low": 0,
      "high_recall": 1.0,
      "high_precision": 0.7037037037037037,
      "medium_share": 0.27850877192982454,
      "low_precision": 0.8143712574850299,
      "n_high_pred": 162,
      "n_med_pred": 127,
      "n_low_pred": 167
    }
  }
}