{
  "phase": "Test-111 (val-thr)",
  "thresholds": {
    "t_low": 0.25000000000000006,
    "t_high": 0.5
  },
  "n_total": 342,
  "confusion_3band": [
    [
      114,
      0,
      0
    ],
    [
      26,
      57,
      31
    ],
    [
      11,
      33,
      70
    ]
  ],
  "confusion_binary_safety": [
    [
      191,
      37
    ],
    [
      0,
      114
    ]
  ],
  "per_band": {
    "high": {
      "n_pred": 151,
      "n_true_ideal_label": 114,
      "ideal_label_name": "malignant",
      "precision": 0.7549668874172185,
      "recall": 1.0,
      "share_of_test": 0.4415204678362573
    },
    "medium": {
      "n_pred": 90,
      "n_true_ideal_label": 114,
      "ideal_label_name": "benign",
      "precision": 0.6333333333333333,
      "recall": 0.5,
      "share_of_test": 0.2631578947368421
    },
    "low": {
      "n_pred": 101,
      "n_true_ideal_label": 114,
      "ideal_label_name": "no_tumor",
      "precision": 0.693069306930693,
      "recall": 0.6140350877192983,
      "share_of_test": 0.2953216374269006
    }
  },
  "safety": {
    "mal_to_low": 0,
    "high_recall": 1.0,
    "high_precision": 0.7549668874172185,
    "medium_share": 0.2631578947368421,
    "binary_roc_auc": 1.0
  },
  "distribution": {
    "malignant": {
      "n": 114,
      "mean": 0.9969473141327239,
      "std": 0.0023968431361259274,
      "min": 0.9855095744132996,
      "max": 0.999099612236023
    },
    "benign": {
      "n": 114,
      "mean": 0.3644695064347041,
      "std": 0.18038007598570485,
      "min": 0.06397674232721329,
      "max": 0.836312472820282
    },
    "no_tumor": {
      "n": 114,
      "mean": 0.2463902841207751,
      "std": 0.1667152966867024,
      "min": 0.041761189699172974,
      "max": 0.8457463383674622
    }
  },
  "calibration": {
    "bin_centers": [
      0.05,
      0.15000000000000002,
      0.25,
      0.35000000000000003,
      0.45,
      0.55,
      0.6500000000000001,
      0.75,
      0.8500000000000001,
      0.95
    ],
    "bin_mean_pred": [
      0.06867043607469116,
      0.1502295597171297,
      0.25737043580523244,
      0.34913777311642963,
      0.44975220287839573,
      0.5513026965291876,
      0.6310167709986368,
      0.7510026097297668,
      0.8410294055938721,
      0.9969473141327239
    ],
    "bin_mean_true": [
      0.0,
      0.0,
      0.0,
      0.0,
      0.0,
      0.0,
      0.0,
      0.0,
      0.0,
      1.0
    ],
    "bin_count": [
      28,
      49,
      54,
      36,
      24,
      19,
      9,
      7,
      2,
      114
    ],
    "brier_score": 0.08463073964661348
  },
  "seg_dice": 0.9821520714924253,
  "diagnostic_search_on_self": {
    "profile_used": "primary",
    "t_low": 0.25000000000000006,
    "t_high": 0.5,
    "metrics": {
      "t_low": 0.25000000000000006,
      "t_high": 0.5,
      "mal_to_low": 0,
      "high_recall": 1.0,
      "high_precision": 0.7549668874172185,
      "medium_share": 0.2631578947368421,
      "low_precision": 0.693069306930693,
      "n_high_pred": 151,
      "n_med_pred": 90,
      "n_low_pred": 101
    }
  }
}