{
  "phase": "Test-112 (I cascade val-thr)",
  "n_total": 456,
  "confusion_3band": [
    [
      106,
      8,
      0
    ],
    [
      0,
      114,
      0
    ],
    [
      2,
      217,
      9
    ]
  ],
  "confusion_binary_safety": [
    [
      340,
      2
    ],
    [
      8,
      106
    ]
  ],
  "per_band": {
    "high": {
      "n_pred": 108,
      "n_true_ideal_label": 114,
      "ideal_label_name": "malignant",
      "precision": 0.9814814814814815,
      "recall": 0.9298245614035088,
      "share_of_test": 0.23684210526315788
    },
    "medium": {
      "n_pred": 339,
      "n_true_ideal_label": 114,
      "ideal_label_name": "benign",
      "precision": 0.336283185840708,
      "recall": 1.0,
      "share_of_test": 0.743421052631579
    },
    "low": {
      "n_pred": 9,
      "n_true_ideal_label": 228,
      "ideal_label_name": "no_tumor",
      "precision": 1.0,
      "recall": 0.039473684210526314,
      "share_of_test": 0.019736842105263157
    }
  },
  "safety": {
    "mal_to_low": 0,
    "high_recall": 0.9298245614035088,
    "high_precision": 0.9814814814814815,
    "medium_share": 0.743421052631579,
    "binary_roc_auc": 0.9989227454601416
  },
  "distribution": {
    "malignant": {
      "n": 114,
      "mean": 0.9302428828111373,
      "std": 0.2539325374448381,
      "min": 4.079665057667659e-05,
      "max": 0.99999999999861
    },
    "benign": {
      "n": 114,
      "mean": 2.3777122212222435e-06,
      "std": 2.3503348129142902e-05,
      "min": 2.030434005158999e-12,
      "max": 0.0002516393636029704
    },
    "no_tumor": {
      "n": 228,
      "mean": 0.008240616050377896,
      "std": 0.08278419048665572,
      "min": 1.5896898888517559e-12,
      "max": 0.9999997737037715
    }
  },
  "calibration": {
    "bin_centers": [
      0.05,
      0.15000000000000002,
      0.25,
      0.35000000000000003,
      0.45,
      0.55,
      0.6500000000000001,
      0.75,
      0.8500000000000001,
      0.95
    ],
    "bin_mean_pred": [
      0.0004942149871166987,
      0.0,
      0.0,
      0.0,
      0.0,
      0.0,
      0.0,
      0.7548514389508679,
      0.0,
      0.9999998308848745
    ],
    "bin_mean_true": [
      0.022988505747126436,
      0.0,
      0.0,
      0.0,
      0.0,
      0.0,
      0.0,
      0.0,
      0.0,
      0.9906542056074766
    ],
    "bin_count": [
      348,
      0,
      0,
      0,
      0,
      0,
      0,
      1,
      0,
      107
    ],
    "brier_score": 0.020797512356144254
  },
  "thresholds": {
    "tau1": 0.12000000000000001,
    "tau2": 0.3,
    "T_risk": 0.5077598690986633,
    "T_tumor": 2.2900333404541016,
    "T_mal": 0.31749314069747925
  },
  "seg_dice": 0.9821400489918021,
  "p_risk_raw_brier": 0.042751935959968235,
  "p_risk_calib_brier": 0.02925116822995787,
  "p_tumor_calib_brier": 0.22112302723770852,
  "p_mal_calib_brier": 0.020797512356144254,
  "diagnostic_search_on_self": null
}