{
  "phase": "Test-111 (I cascade val-thr)",
  "n_total": 342,
  "confusion_3band": [
    [
      106,
      8,
      0
    ],
    [
      0,
      114,
      0
    ],
    [
      1,
      106,
      7
    ]
  ],
  "confusion_binary_safety": [
    [
      227,
      1
    ],
    [
      8,
      106
    ]
  ],
  "per_band": {
    "high": {
      "n_pred": 107,
      "n_true_ideal_label": 114,
      "ideal_label_name": "malignant",
      "precision": 0.9906542056074766,
      "recall": 0.9298245614035088,
      "share_of_test": 0.3128654970760234
    },
    "medium": {
      "n_pred": 228,
      "n_true_ideal_label": 114,
      "ideal_label_name": "benign",
      "precision": 0.5,
      "recall": 1.0,
      "share_of_test": 0.6666666666666666
    },
    "low": {
      "n_pred": 7,
      "n_true_ideal_label": 114,
      "ideal_label_name": "no_tumor",
      "precision": 1.0,
      "recall": 0.06140350877192982,
      "share_of_test": 0.02046783625730994
    }
  },
  "safety": {
    "mal_to_low": 0,
    "high_recall": 0.9298245614035088,
    "high_precision": 0.9906542056074766,
    "medium_share": 0.6666666666666666,
    "binary_roc_auc": 0.9991920590951061
  },
  "distribution": {
    "malignant": {
      "n": 114,
      "mean": 0.9302428828111373,
      "std": 0.2539325374448381,
      "min": 4.079665057667659e-05,
      "max": 0.99999999999861
    },
    "benign": {
      "n": 114,
      "mean": 2.3777122212222435e-06,
      "std": 2.3503348129142902e-05,
      "min": 2.030434005158999e-12,
      "max": 0.0002516393636029704
    },
    "no_tumor": {
      "n": 114,
      "mean": 0.009141326413056004,
      "std": 0.0932945082098641,
      "min": 1.9922881512280784e-12,
      "max": 0.9999997736759004
    }
  },
  "calibration": {
    "bin_centers": [
      0.05,
      0.15000000000000002,
      0.25,
      0.35000000000000003,
      0.45,
      0.55,
      0.6500000000000001,
      0.75,
      0.8500000000000001,
      0.95
    ],
    "bin_mean_pred": [
      0.00038335747275563815,
      0.0,
      0.0,
      0.0,
      0.0,
      0.0,
      0.0,
      0.0,
      0.0,
      0.999999830884614
    ],
    "bin_mean_true": [
      0.03404255319148936,
      0.0,
      0.0,
      0.0,
      0.0,
      0.0,
      0.0,
      0.0,
      0.0,
      0.9906542056074766
    ],
    "bin_count": [
      235,
      0,
      0,
      0,
      0,
      0,
      0,
      0,
      0,
      107
    ],
    "brier_score": 0.026045072880148724
  },
  "thresholds": {
    "tau1": 0.12000000000000001,
    "tau2": 0.3,
    "T_risk": 0.5077598690986633,
    "T_tumor": 2.2900333404541016,
    "T_mal": 0.31749314069747925
  },
  "seg_dice": 0.9827731313376591,
  "p_risk_raw_brier": 0.0426162396986949,
  "p_risk_calib_brier": 0.028994928772717116,
  "p_tumor_calib_brier": 0.21467819376680985,
  "p_mal_calib_brier": 0.026045072880148724,
  "diagnostic_search_on_self": null
}