{
  "selection_set": "val",
  "best_epoch": 6,
  "best_val_auc": 1.0,
  "ordinal_targets": [
    1.0,
    0.3499999940395355,
    0.0
  ],
  "T_risk": 0.5077598690986633,
  "T_tumor": 2.2900333404541016,
  "T_mal": 0.31749314069747925,
  "lambda_ord": 2.0,
  "lambda_mal": 1.0,
  "val_brier_risk_raw": 0.05644161046106145,
  "val_brier_risk_calib": 0.0460548981479162,
  "tau1": 0.12000000000000001,
  "tau2": 0.3,
  "chosen_method": "I_strict",
  "i_search_result": {
    "mal_to_low": 0,
    "high_recall": 1.0,
    "high_precision": 1.0,
    "low_precision_nt": 1.0,
    "ben_to_low_share": 0.0,
    "nt_to_high_share": 0.0,
    "nt_to_low_share": 0.075,
    "n_high_pred": 39,
    "n_med_pred": 81,
    "n_low_pred": 3,
    "tau1": 0.12000000000000001,
    "tau2": 0.3,
    "tumor_recall": 1.0,
    "objective": 1.0,
    "fallback_used": null
  }
}