{
  "phase": "Test-111 (val-thr)",
  "thresholds": {
    "t_high": 0.4,
    "t_med": 0.5000000000000001
  },
  "n_total": 342,
  "confusion_3band": [
    [
      114,
      0,
      0
    ],
    [
      58,
      25,
      31
    ],
    [
      31,
      25,
      58
    ]
  ],
  "confusion_binary_safety": [
    [
      139,
      89
    ],
    [
      0,
      114
    ]
  ],
  "per_band": {
    "high": {
      "n_pred": 203,
      "n_true_ideal_label": 114,
      "ideal_label_name": "malignant",
      "precision": 0.5615763546798029,
      "recall": 1.0,
      "share_of_test": 0.5935672514619883
    },
    "medium": {
      "n_pred": 50,
      "n_true_ideal_label": 114,
      "ideal_label_name": "benign",
      "precision": 0.5,
      "recall": 0.21929824561403508,
      "share_of_test": 0.14619883040935672
    },
    "low": {
      "n_pred": 89,
      "n_true_ideal_label": 114,
      "ideal_label_name": "no_tumor",
      "precision": 0.651685393258427,
      "recall": 0.5087719298245614,
      "share_of_test": 0.260233918128655
    }
  },
  "safety": {
    "mal_to_low": 0,
    "high_recall": 1.0,
    "high_precision": 0.5615763546798029,
    "medium_share": 0.14619883040935672,
    "binary_roc_auc": 0.9997691597414589,
    "stage2_roc_auc_b_vs_n": 0.6794398276392737
  },
  "distribution_stage1": {
    "malignant": {
      "n": 114,
      "mean": 0.9776614559324164,
      "std": 0.04447671731146042,
      "min": 0.8360121846199036,
      "max": 0.9997289776802063
    },
    "benign": {
      "n": 114,
      "mean": 0.37335892567378387,
      "std": 0.23314549704038265,
      "min": 0.009162701666355133,
      "max": 0.8566280603408813
    },
    "no_tumor": {
      "n": 114,
      "mean": 0.22888131166824646,
      "std": 0.2181507383224237,
      "min": 0.007419693283736706,
      "max": 0.836708128452301
    }
  },
  "distribution_stage2": {
    "malignant": {
      "n": 114,
      "mean": 0.8292993628665021,
      "std": 0.18802353315116438,
      "min": 0.2918747365474701,
      "max": 0.9960527420043945
    },
    "benign": {
      "n": 114,
      "mean": 0.7131720269936251,
      "std": 0.37866699104019935,
      "min": 0.0027147361543029547,
      "max": 0.9946871995925903
    },
    "no_tumor": {
      "n": 114,
      "mean": 0.47944252226469025,
      "std": 0.4474013747516872,
      "min": 0.0018605508375912905,
      "max": 0.9924065470695496
    }
  },
  "calibration": {
    "bin_centers": [
      0.05,
      0.15000000000000002,
      0.25,
      0.35000000000000003,
      0.45,
      0.55,
      0.6500000000000001,
      0.75,
      0.8500000000000001,
      0.95
    ],
    "bin_mean_pred": [
      0.034630697341514874,
      0.14947374863550067,
      0.24992837235331536,
      0.35331390912716204,
      0.45513206961992625,
      0.5478855570157369,
      0.6490751478983008,
      0.740827739238739,
      0.8629867769777775,
      0.9933895373344421
    ],
    "bin_mean_true": [
      0.0,
      0.0,
      0.0,
      0.0,
      0.0,
      0.0,
      0.0,
      0.0,
      0.875,
      1.0
    ],
    "bin_count": [
      77,
      16,
      20,
      26,
      37,
      21,
      23,
      6,
      16,
      100
    ],
    "brier_score": 0.09873576618864921
  },
  "seg_dice": 0.9832483735577814,
  "diagnostic_search_on_self": {
    "profile_used": "primary",
    "t_high": 0.4,
    "t_med": 0.12000000000000001,
    "metrics": {
      "t_high": 0.4,
      "t_med": 0.12000000000000001,
      "mal_to_low": 0,
      "high_recall": 1.0,
      "high_precision": 0.5615763546798029,
      "medium_share": 0.2046783625730994,
      "low_precision": 0.7246376811594203,
      "n_high_pred": 203,
      "n_med_pred": 70,
      "n_low_pred": 69
    }
  }
}