{
  "phase": "Test-112 (val-thr)",
  "thresholds": {
    "t_high": 0.4,
    "t_med": 0.5000000000000001
  },
  "n_total": 456,
  "confusion_3band": [
    [
      114,
      0,
      0
    ],
    [
      58,
      25,
      31
    ],
    [
      58,
      57,
      113
    ]
  ],
  "confusion_binary_safety": [
    [
      226,
      116
    ],
    [
      0,
      114
    ]
  ],
  "per_band": {
    "high": {
      "n_pred": 230,
      "n_true_ideal_label": 114,
      "ideal_label_name": "malignant",
      "precision": 0.4956521739130435,
      "recall": 1.0,
      "share_of_test": 0.5043859649122807
    },
    "medium": {
      "n_pred": 82,
      "n_true_ideal_label": 114,
      "ideal_label_name": "benign",
      "precision": 0.3048780487804878,
      "recall": 0.21929824561403508,
      "share_of_test": 0.17982456140350878
    },
    "low": {
      "n_pred": 144,
      "n_true_ideal_label": 228,
      "ideal_label_name": "no_tumor",
      "precision": 0.7847222222222222,
      "recall": 0.4956140350877193,
      "share_of_test": 0.3157894736842105
    }
  },
  "safety": {
    "mal_to_low": 0,
    "high_recall": 1.0,
    "high_precision": 0.4956521739130435,
    "medium_share": 0.17982456140350878,
    "binary_roc_auc": 0.9991792346362983,
    "stage2_roc_auc_b_vs_n": 0.6673976608187135
  },
  "distribution_stage1": {
    "malignant": {
      "n": 114,
      "mean": 0.9776614559324164,
      "std": 0.04447671731146042,
      "min": 0.8360121846199036,
      "max": 0.9997289776802063
    },
    "benign": {
      "n": 114,
      "mean": 0.37335892567378387,
      "std": 0.23314549704038265,
      "min": 0.009162701666355133,
      "max": 0.8566280603408813
    },
    "no_tumor": {
      "n": 228,
      "mean": 0.23509994804401668,
      "std": 0.22030642031128292,
      "min": 0.007322001736611128,
      "max": 0.8998124003410339
    }
  },
  "distribution_stage2": {
    "malignant": {
      "n": 114,
      "mean": 0.8292993628665021,
      "std": 0.18802353315116438,
      "min": 0.2918747365474701,
      "max": 0.9960527420043945
    },
    "benign": {
      "n": 114,
      "mean": 0.7131720269936251,
      "std": 0.37866699104019935,
      "min": 0.0027147361543029547,
      "max": 0.9946871995925903
    },
    "no_tumor": {
      "n": 228,
      "mean": 0.49727202830488976,
      "std": 0.43443235436575206,
      "min": 0.0018605508375912905,
      "max": 0.9946854114532471
    }
  },
  "calibration": {
    "bin_centers": [
      0.05,
      0.15000000000000002,
      0.25,
      0.35000000000000003,
      0.45,
      0.55,
      0.6500000000000001,
      0.75,
      0.8500000000000001,
      0.95
    ],
    "bin_mean_pred": [
      0.0362401157617569,
      0.14843446835875512,
      0.25024721920490267,
      0.35339380942639853,
      0.4534849702043736,
      0.5446288647322819,
      0.651588716677257,
      0.7401642118181501,
      0.8630431953229403,
      0.9933895373344421
    ],
    "bin_mean_true": [
      0.0,
      0.0,
      0.0,
      0.0,
      0.0,
      0.0,
      0.0,
      0.0,
      0.7368421052631579,
      1.0
    ],
    "bin_count": [
      119,
      40,
      25,
      42,
      47,
      29,
      28,
      7,
      19,
      100
    ],
    "brier_score": 0.10096117697642351
  },
  "seg_dice": 0.9824786712956983,
  "diagnostic_search_on_self": {
    "profile_used": "primary",
    "t_high": 0.4,
    "t_med": 0.14,
    "metrics": {
      "t_high": 0.4,
      "t_med": 0.14,
      "mal_to_low": 0,
      "high_recall": 1.0,
      "high_precision": 0.4956521739130435,
      "medium_share": 0.2565789473684211,
      "low_precision": 0.8256880733944955,
      "n_high_pred": 230,
      "n_med_pred": 117,
      "n_low_pred": 109
    }
  }
}