{
  "trained_dir": "/data1/ouyangxinglong/GBP-Cascade/0514/logs/20260514_task_risk_SwinV2Tiny_ordinal_trimodal_1",
  "best_weight": "/data1/ouyangxinglong/GBP-Cascade/0514/logs/20260514_task_risk_SwinV2Tiny_ordinal_trimodal_1/20260514_task_risk_SwinV2Tiny_ordinal_trimodal_1_best.pth",
  "hard_floor": {
    "mal_to_low_max": 0,
    "high_recall_min": 0.95
  },
  "val_n": 424,
  "test_n": 1167,
  "grid": {
    "t_low": [
      0.005,
      0.01,
      0.015,
      0.02,
      0.025,
      0.03,
      0.035,
      0.04,
      0.045,
      0.05,
      0.055,
      0.06,
      0.065,
      0.07,
      0.075,
      0.08,
      0.085,
      0.09,
      0.095,
      0.1,
      0.105,
      0.11,
      0.115,
      0.12,
      0.125,
      0.13,
      0.135,
      0.14,
      0.145,
      0.15,
      0.155,
      0.16,
      0.165,
      0.17,
      0.175,
      0.18,
      0.185,
      0.19,
      0.195,
      0.2,
      0.205,
      0.21,
      0.215,
      0.22,
      0.225,
      0.23,
      0.235,
      0.24,
      0.245,
      0.25,
      0.255,
      0.26,
      0.265,
      0.27,
      0.275,
      0.28,
      0.285,
      0.29,
      0.295,
      0.3,
      0.305,
      0.31,
      0.315,
      0.32,
      0.325,
      0.33,
      0.335,
      0.34,
      0.345,
      0.35,
      0.355,
      0.36,
      0.365,
      0.37,
      0.375,
      0.38,
      0.385,
      0.39,
      0.395,
      0.4,
      0.405,
      0.41,
      0.415,
      0.42,
      0.425,
      0.43,
      0.435,
      0.44,
      0.445,
      0.45
    ],
    "t_high": [
      0.5,
      0.51,
      0.52,
      0.53,
      0.54,
      0.55,
      0.56,
      0.57,
      0.58,
      0.59,
      0.6,
      0.61,
      0.62,
      0.63,
      0.64,
      0.65,
      0.66,
      0.67,
      0.68,
      0.69,
      0.7,
      0.71,
      0.72,
      0.73,
      0.74,
      0.75,
      0.76,
      0.77,
      0.78,
      0.79,
      0.8,
      0.81,
      0.82,
      0.83,
      0.84,
      0.85,
      0.86,
      0.87,
      0.88,
      0.89,
      0.9,
      0.91,
      0.92,
      0.93,
      0.94,
      0.95,
      0.96,
      0.97,
      0.98,
      0.99
    ]
  },
  "precision_targets": [
    0.6,
    0.7,
    0.8,
    0.9,
    0.95,
    0.99
  ],
  "by_target": {
    "0.6": {
      "selection": {
        "t_low": 0.38,
        "t_high": 0.5,
        "high_precision": 0.9104477611940298,
        "low_precision": 0.8731117824773413,
        "med_precision": 0.7307692307692307,
        "high_recall": 0.9838709677419355,
        "mal_to_low": 0,
        "n_high": 67,
        "n_med": 26,
        "n_low": 331,
        "high_share": 0.1580188679245283,
        "medium_share": 0.06132075471698113,
        "low_share": 0.7806603773584906
      },
      "val_metrics": {
        "t_low": 0.38,
        "t_high": 0.5,
        "high_precision": 0.9104477611940298,
        "low_precision": 0.8731117824773413,
        "med_precision": 0.7307692307692307,
        "high_recall": 0.9838709677419355,
        "mal_to_low": 0,
        "n_high": 67,
        "n_med": 26,
        "n_low": 331,
        "high_share": 0.1580188679245283,
        "medium_share": 0.06132075471698113,
        "low_share": 0.7806603773584906
      },
      "test_metrics": {
        "t_low": 0.38,
        "t_high": 0.5,
        "high_precision": 0.9363636363636364,
        "low_precision": 0.8758620689655172,
        "med_precision": 0.6666666666666666,
        "high_recall": 0.9903846153846154,
        "mal_to_low": 0,
        "n_high": 110,
        "n_med": 42,
        "n_low": 1015,
        "high_share": 0.09425878320479864,
        "medium_share": 0.03598971722365039,
        "low_share": 0.869751499571551
      },
      "test_confusion_3band": [
        [
          103,
          1,
          0
        ],
        [
          4,
          28,
          126
        ],
        [
          3,
          13,
          889
        ]
      ],
      "diag_search_on_test": {
        "t_low": 0.445,
        "t_high": 0.5,
        "high_precision": 0.9363636363636364,
        "low_precision": 0.8561904761904762,
        "med_precision": 0.42857142857142855,
        "high_recall": 0.9903846153846154,
        "mal_to_low": 0,
        "n_high": 110,
        "n_med": 7,
        "n_low": 1050,
        "high_share": 0.09425878320479864,
        "medium_share": 0.005998286203941731,
        "low_share": 0.8997429305912596
      }
    },
    "0.7": {
      "selection": {
        "t_low": 0.38,
        "t_high": 0.5,
        "high_precision": 0.9104477611940298,
        "low_precision": 0.8731117824773413,
        "med_precision": 0.7307692307692307,
        "high_recall": 0.9838709677419355,
        "mal_to_low": 0,
        "n_high": 67,
        "n_med": 26,
        "n_low": 331,
        "high_share": 0.1580188679245283,
        "medium_share": 0.06132075471698113,
        "low_share": 0.7806603773584906
      },
      "val_metrics": {
        "t_low": 0.38,
        "t_high": 0.5,
        "high_precision": 0.9104477611940298,
        "low_precision": 0.8731117824773413,
        "med_precision": 0.7307692307692307,
        "high_recall": 0.9838709677419355,
        "mal_to_low": 0,
        "n_high": 67,
        "n_med": 26,
        "n_low": 331,
        "high_share": 0.1580188679245283,
        "medium_share": 0.06132075471698113,
        "low_share": 0.7806603773584906
      },
      "test_metrics": {
        "t_low": 0.38,
        "t_high": 0.5,
        "high_precision": 0.9363636363636364,
        "low_precision": 0.8758620689655172,
        "med_precision": 0.6666666666666666,
        "high_recall": 0.9903846153846154,
        "mal_to_low": 0,
        "n_high": 110,
        "n_med": 42,
        "n_low": 1015,
        "high_share": 0.09425878320479864,
        "medium_share": 0.03598971722365039,
        "low_share": 0.869751499571551
      },
      "test_confusion_3band": [
        [
          103,
          1,
          0
        ],
        [
          4,
          28,
          126
        ],
        [
          3,
          13,
          889
        ]
      ],
      "diag_search_on_test": {
        "t_low": 0.445,
        "t_high": 0.5,
        "high_precision": 0.9363636363636364,
        "low_precision": 0.8561904761904762,
        "med_precision": 0.42857142857142855,
        "high_recall": 0.9903846153846154,
        "mal_to_low": 0,
        "n_high": 110,
        "n_med": 7,
        "n_low": 1050,
        "high_share": 0.09425878320479864,
        "medium_share": 0.005998286203941731,
        "low_share": 0.8997429305912596
      }
    },
    "0.8": {
      "selection": {
        "t_low": 0.38,
        "t_high": 0.5,
        "high_precision": 0.9104477611940298,
        "low_precision": 0.8731117824773413,
        "med_precision": 0.7307692307692307,
        "high_recall": 0.9838709677419355,
        "mal_to_low": 0,
        "n_high": 67,
        "n_med": 26,
        "n_low": 331,
        "high_share": 0.1580188679245283,
        "medium_share": 0.06132075471698113,
        "low_share": 0.7806603773584906
      },
      "val_metrics": {
        "t_low": 0.38,
        "t_high": 0.5,
        "high_precision": 0.9104477611940298,
        "low_precision": 0.8731117824773413,
        "med_precision": 0.7307692307692307,
        "high_recall": 0.9838709677419355,
        "mal_to_low": 0,
        "n_high": 67,
        "n_med": 26,
        "n_low": 331,
        "high_share": 0.1580188679245283,
        "medium_share": 0.06132075471698113,
        "low_share": 0.7806603773584906
      },
      "test_metrics": {
        "t_low": 0.38,
        "t_high": 0.5,
        "high_precision": 0.9363636363636364,
        "low_precision": 0.8758620689655172,
        "med_precision": 0.6666666666666666,
        "high_recall": 0.9903846153846154,
        "mal_to_low": 0,
        "n_high": 110,
        "n_med": 42,
        "n_low": 1015,
        "high_share": 0.09425878320479864,
        "medium_share": 0.03598971722365039,