{
  "phase": "Test (D3_1_1.9_3)",
  "thresholds": {
    "t_low": 0.15000000000000002,
    "t_high": 0.5
  },
  "n_total": 1167,
  "confusion_3band": [
    [
      104,
      0,
      0
    ],
    [
      46,
      67,
      45
    ],
    [
      49,
      284,
      572
    ]
  ],
  "confusion_binary_safety": [
    [
      968,
      95
    ],
    [
      0,
      104
    ]
  ],
  "per_band": {
    "high": {
      "n_pred": 199,
      "n_true_ideal_label": 104,
      "ideal_label_name": "malignant",
      "precision": 0.5226130653266332,
      "recall": 1.0,
      "share_of_test": 0.17052270779777207
    },
    "medium": {
      "n_pred": 351,
      "n_true_ideal_label": 158,
      "ideal_label_name": "benign",
      "precision": 0.1908831908831909,
      "recall": 0.4240506329113924,
      "share_of_test": 0.30077120822622105
    },
    "low": {
      "n_pred": 617,
      "n_true_ideal_label": 905,
      "ideal_label_name": "no_tumor",
      "precision": 0.9270664505672609,
      "recall": 0.6320441988950276,
      "share_of_test": 0.5287060839760068
    }
  },
  "safety": {
    "mal_to_low": 0,
    "high_recall": 1.0,
    "high_precision": 0.5226130653266332,
    "medium_share": 0.30077120822622105,
    "binary_roc_auc": 0.9994663144945365
  },
  "distribution": {
    "malignant": {
      "n": 104,
      "mean": 0.9720882486838561,
      "std": 0.0611307714251519,
      "min": 0.6366633772850037,
      "max": 0.9996989965438843
    },
    "benign": {
      "n": 158,
      "mean": 0.323664489791646,
      "std": 0.22801021794292006,
      "min": 0.008721609599888325,
      "max": 0.8534377813339233
    },
    "no_tumor": {
      "n": 905,
      "mean": 0.15809288357026896,
      "std": 0.16115334331730757,
      "min": 0.0018555977148935199,
      "max": 0.9125094413757324
    }
  },
  "calibration": {
    "bin_centers": [
      0.05,
      0.15000000000000002,
      0.25,
      0.35000000000000003,
      0.45,
      0.55,
      0.6500000000000001,
      0.75,
      0.8500000000000001,
      0.95
    ],
    "bin_mean_pred": [
      0.0448684566679276,
      0.1457214334704837,
      0.24652087720377105,
      0.34886996683321503,
      0.44879128744727687,
      0.5470177543660005,
      0.6431770738628175,
      0.7230326905846596,
      0.8278873012616084,
      0.9904722102144932
    ],
    "bin_mean_true": [
      0.0,
      0.0,
      0.0,
      0.0,
      0.0,
      0.0,
      0.027777777777777776,
      0.0,
      0.7692307692307693,
      0.9893617021276596
    ],
    "bin_count": [
      512,
      183,
      140,
      76,
      57,
      48,
      36,
      8,
      13,
      94
    ],
    "brier_score": 0.06114648986362279
  },
  "seg_dice": 0.9702515735555051,
  "exp_label": "D3_1_1.9_3",
  "sampler_mode": "natural",
  "samples_per_class": null,
  "train_xlsx": "/data1/ouyangxinglong/GBP-Cascade/0514dataset_flat/ratio_ablation_splits/train_D3_1_1.9_3.xlsx",
  "best_epoch": 10,
  "best_val_auc": 0.9975049010871502
}