{
  "phase": "Test-112 (calib+val-thr)",
  "thresholds": {
    "t_low": 0.07,
    "t_high": 0.5
  },
  "n_total": 456,
  "confusion_3band": [
    [
      113,
      1,
      0
    ],
    [
      3,
      26,
      85
    ],
    [
      3,
      21,
      204
    ]
  ],
  "confusion_binary_safety": [
    [
      336,
      6
    ],
    [
      1,
      113
    ]
  ],
  "per_band": {
    "high": {
      "n_pred": 119,
      "n_true_ideal_label": 114,
      "ideal_label_name": "malignant",
      "precision": 0.9495798319327731,
      "recall": 0.9912280701754386,
      "share_of_test": 0.26096491228070173
    },
    "medium": {
      "n_pred": 48,
      "n_true_ideal_label": 114,
      "ideal_label_name": "benign",
      "precision": 0.5416666666666666,
      "recall": 0.22807017543859648,
      "share_of_test": 0.10526315789473684
    },
    "low": {
      "n_pred": 289,
      "n_true_ideal_label": 228,
      "ideal_label_name": "no_tumor",
      "precision": 0.7058823529411765,
      "recall": 0.8947368421052632,
      "share_of_test": 0.6337719298245614
    }
  },
  "safety": {
    "mal_to_low": 0,
    "high_recall": 0.9912280701754386,
    "high_precision": 0.9495798319327731,
    "medium_share": 0.10526315789473684,
    "binary_roc_auc": 0.998974043295373
  },
  "distribution": {
    "malignant": {
      "n": 114,
      "mean": 0.9815809550517837,
      "std": 0.08058513194283684,
      "min": 0.49096401879875423,
      "max": 0.9999999999631541
    },
    "benign": {
      "n": 114,
      "mean": 0.07810143667136063,
      "std": 0.15486558652607957,
      "min": 4.878644558267714e-07,
      "max": 0.9639532185865313
    },
    "no_tumor": {
      "n": 228,
      "mean": 0.03812826988857744,
      "std": 0.12976941216723156,
      "min": 1.0913227713725203e-07,
      "max": 0.9992291854809103
    }
  },
  "calibration": {
    "bin_centers": [
      0.05,
      0.15000000000000002,
      0.25,
      0.35000000000000003,
      0.45,
      0.55,
      0.6500000000000001,
      0.75,
      0.8500000000000001,
      0.95
    ],
    "bin_mean_pred": [
      0.012849044270061534,
      0.13743165878861688,
      0.2567679749785474,
      0.3346380008905177,
      0.47374897028891283,
      0.5582204269427102,
      0.6325228175481274,
      0.790605119192766,
      0.8859477941882204,
      0.9978554780420692
    ],
    "bin_mean_true": [
      0.0,
      0.0,
      0.0,
      0.0,
      0.2,
      0.5,
      1.0,
      1.0,
      1.0,
      0.9557522123893806
    ],
    "bin_count": [
      300,
      18,
      9,
      5,
      5,
      2,
      2,
      1,
      1,
      113
    ],
    "brier_score": 0.01837603490127402
  },
  "seg_dice": 0.9908724191576935,
  "temperature_T": 0.3664056360721588,
  "raw_brier": 0.03628706436970721,
  "calib_brier": 0.01837603490127402,
  "diagnostic_search_on_self": {
    "profile_used": "primary",
    "t_low": 0.07,
    "t_high": 0.5,
    "metrics": {
      "t_low": 0.07,
      "t_high": 0.5,
      "mal_to_low": 0,
      "high_recall": 0.9912280701754386,
      "high_precision": 0.9495798319327731,
      "medium_share": 0.10526315789473684,
      "low_precision": 0.7058823529411765,
      "n_high_pred": 119,
      "n_med_pred": 48,
      "n_low_pred": 289
    }
  }
}