{
  "phase": "Test-111 (calib+val-thr)",
  "thresholds": {
    "t_low": 0.07,
    "t_high": 0.5
  },
  "n_total": 342,
  "confusion_3band": [
    [
      113,
      1,
      0
    ],
    [
      3,
      26,
      85
    ],
    [
      1,
      11,
      102
    ]
  ],
  "confusion_binary_safety": [
    [
      224,
      4
    ],
    [
      1,
      113
    ]
  ],
  "per_band": {
    "high": {
      "n_pred": 117,
      "n_true_ideal_label": 114,
      "ideal_label_name": "malignant",
      "precision": 0.9658119658119658,
      "recall": 0.9912280701754386,
      "share_of_test": 0.34210526315789475
    },
    "medium": {
      "n_pred": 38,
      "n_true_ideal_label": 114,
      "ideal_label_name": "benign",
      "precision": 0.6842105263157895,
      "recall": 0.22807017543859648,
      "share_of_test": 0.1111111111111111
    },
    "low": {
      "n_pred": 187,
      "n_true_ideal_label": 114,
      "ideal_label_name": "no_tumor",
      "precision": 0.5454545454545454,
      "recall": 0.8947368421052632,
      "share_of_test": 0.5467836257309941
    }
  },
  "safety": {
    "mal_to_low": 0,
    "high_recall": 0.9912280701754386,
    "high_precision": 0.9658119658119658,
    "medium_share": 0.1111111111111111,
    "binary_roc_auc": 0.9991151123422592
  },
  "distribution": {
    "malignant": {
      "n": 114,
      "mean": 0.9815809550517837,
      "std": 0.08058513194283684,
      "min": 0.49096401879875423,
      "max": 0.9999999999631541
    },
    "benign": {
      "n": 114,
      "mean": 0.07810143667136063,
      "std": 0.15486558652607957,
      "min": 4.878644558267714e-07,
      "max": 0.9639532185865313
    },
    "no_tumor": {
      "n": 114,
      "mean": 0.03409598284278317,
      "std": 0.11108720399854125,
      "min": 1.0913227713725203e-07,
      "max": 0.9730178792023029
    }
  },
  "calibration": {
    "bin_centers": [
      0.05,
      0.15000000000000002,
      0.25,
      0.35000000000000003,
      0.45,
      0.55,
      0.6500000000000001,
      0.75,
      0.8500000000000001,
      0.95
    ],
    "bin_mean_pred": [
      0.013093600271724893,
      0.136570797560919,
      0.26168346876671744,
      0.3346380008905177,
      0.464843357741558,
      0.5582204269427102,
      0.6325228175481274,
      0.790605119192766,
      0.8859477941882204,
      0.9978316203326529
    ],
    "bin_mean_true": [
      0.0,
      0.0,
      0.0,
      0.0,
      0.3333333333333333,
      0.5,
      1.0,
      1.0,
      1.0,
      0.972972972972973
    ],
    "bin_count": [
      193,
      16,
      8,
      5,
      3,
      2,
      2,
      1,
      1,
      111
    ],
    "brier_score": 0.016806437315158303
  },
  "seg_dice": 0.9911688134588045,
  "temperature_T": 0.3664056360721588,
  "raw_brier": 0.03483370097752082,
  "calib_brier": 0.016806437315158303,
  "diagnostic_search_on_self": {
    "profile_used": "primary",
    "t_low": 0.05,
    "t_high": 0.5,
    "metrics": {
      "t_low": 0.05,
      "t_high": 0.5,
      "mal_to_low": 0,
      "high_recall": 0.9912280701754386,
      "high_precision": 0.9658119658119658,
      "medium_share": 0.1286549707602339,
      "low_precision": 0.5469613259668509,
      "n_high_pred": 117,
      "n_med_pred": 44,
      "n_low_pred": 181
    }
  }
}