{
  "phase": "Test (S3_1_2_6)",
  "thresholds": {
    "t_low": 0.05,
    "t_high": 0.5
  },
  "n_total": 1167,
  "confusion_3band": [
    [
      103,
      1,
      0
    ],
    [
      20,
      72,
      66
    ],
    [
      15,
      153,
      737
    ]
  ],
  "confusion_binary_safety": [
    [
      1028,
      35
    ],
    [
      1,
      103
    ]
  ],
  "per_band": {
    "high": {
      "n_pred": 138,
      "n_true_ideal_label": 104,
      "ideal_label_name": "malignant",
      "precision": 0.7463768115942029,
      "recall": 0.9903846153846154,
      "share_of_test": 0.11825192802056556
    },
    "medium": {
      "n_pred": 226,
      "n_true_ideal_label": 158,
      "ideal_label_name": "benign",
      "precision": 0.3185840707964602,
      "recall": 0.45569620253164556,
      "share_of_test": 0.19365895458440446
    },
    "low": {
      "n_pred": 803,
      "n_true_ideal_label": 905,
      "ideal_label_name": "no_tumor",
      "precision": 0.9178082191780822,
      "recall": 0.8143646408839779,
      "share_of_test": 0.68808911739503
    }
  },
  "safety": {
    "mal_to_low": 0,
    "high_recall": 0.9903846153846154,
    "high_precision": 0.7463768115942029,
    "medium_share": 0.19365895458440446,
    "binary_roc_auc": 0.9993668138070773
  },
  "distribution": {
    "malignant": {
      "n": 104,
      "mean": 0.9699174710191213,
      "std": 0.0838962061852807,
      "min": 0.4158429503440857,
      "max": 0.9996323585510254
    },
    "benign": {
      "n": 158,
      "mean": 0.19383934631286473,
      "std": 0.2130057530108784,
      "min": 0.0008376871701329947,
      "max": 0.8760441541671753
    },
    "no_tumor": {
      "n": 905,
      "mean": 0.044456056886653605,
      "std": 0.10056133673123775,
      "min": 0.000625182525254786,
      "max": 0.6665319204330444
    }
  },
  "calibration": {
    "bin_centers": [
      0.05,
      0.15000000000000002,
      0.25,
      0.35000000000000003,
      0.45,
      0.55,
      0.6500000000000001,
      0.75,
      0.8500000000000001,
      0.95
    ],
    "bin_mean_pred": [
      0.014418045207562385,
      0.1461474275956415,
      0.25033101336709385,
      0.34156394092475667,
      0.44225460290908813,
      0.5530856276551882,
      0.6380702197551728,
      0.7687000433603922,
      0.8292879291943142,
      0.9938207205305708
    ],
    "bin_mean_true": [
      0.0,
      0.0,
      0.0,
      0.0,
      0.05263157894736842,
      0.0,
      0.1,
      1.0,
      0.7142857142857143,
      1.0
    ],
    "bin_count": [
      874,
      73,
      29,
      34,
      19,
      24,
      10,
      3,
      7,
      94
    ],
    "brier_score": 0.021312712621767586
  },
  "seg_dice": 0.9736329158147176,
  "exp_label": "S3_1_2_6",
  "sampler_mode": "1_2_6",
  "samples_per_class": {
    "0": 1,
    "1": 2,
    "2": 6
  },
  "train_xlsx": "/data1/ouyangxinglong/GBP-Cascade/0514/logs/20260514_task_risk_SwinV2Tiny_ordinal_trimodal_1/train_split.xlsx",
  "best_epoch": 8,
  "best_val_auc": 0.9969702370343967
}