{
  "phase": "Test-111 (val-thr)",
  "thresholds": {
    "t_low": 0.29000000000000004,
    "t_high": 0.5
  },
  "n_total": 342,
  "confusion_3band": [
    [
      114,
      0,
      0
    ],
    [
      18,
      61,
      35
    ],
    [
      10,
      31,
      73
    ]
  ],
  "confusion_binary_safety": [
    [
      200,
      28
    ],
    [
      0,
      114
    ]
  ],
  "per_band": {
    "high": {
      "n_pred": 142,
      "n_true_ideal_label": 114,
      "ideal_label_name": "malignant",
      "precision": 0.8028169014084507,
      "recall": 1.0,
      "share_of_test": 0.4152046783625731
    },
    "medium": {
      "n_pred": 92,
      "n_true_ideal_label": 114,
      "ideal_label_name": "benign",
      "precision": 0.6630434782608695,
      "recall": 0.5350877192982456,
      "share_of_test": 0.26900584795321636
    },
    "low": {
      "n_pred": 108,
      "n_true_ideal_label": 114,
      "ideal_label_name": "no_tumor",
      "precision": 0.6759259259259259,
      "recall": 0.6403508771929824,
      "share_of_test": 0.3157894736842105
    }
  },
  "safety": {
    "mal_to_low": 0,
    "high_recall": 1.0,
    "high_precision": 0.8028169014084507,
    "medium_share": 0.26900584795321636,
    "binary_roc_auc": 0.9995383194829178
  },
  "distribution": {
    "malignant": {
      "n": 114,
      "mean": 0.9956024754465672,
      "std": 0.015828446498110167,
      "min": 0.8979387283325195,
      "max": 0.9997687935829163
    },
    "benign": {
      "n": 114,
      "mean": 0.36604134529306176,
      "std": 0.16782502400534544,
      "min": 0.04218399524688721,
      "max": 0.9701069593429565
    },
    "no_tumor": {
      "n": 114,
      "mean": 0.2561156642051381,
      "std": 0.18254786372366452,
      "min": 0.018167773261666298,
      "max": 0.9854021072387695
    }
  },
  "calibration": {
    "bin_centers": [
      0.05,
      0.15000000000000002,
      0.25,
      0.35000000000000003,
      0.45,
      0.55,
      0.6500000000000001,
      0.75,
      0.8500000000000001,
      0.95
    ],
    "bin_mean_pred": [
      0.05755270206399502,
      0.16134268790483475,
      0.256079153494632,
      0.342131569981575,
      0.4494870792735707,
      0.5433261573314667,
      0.6404646456241607,
      0.7676894664764404,
      0.8892623484134674,
      0.9961413264274597
    ],
    "bin_mean_true": [
      0.0,
      0.0,
      0.0,
      0.0,
      0.0,
      0.0,
      0.0,
      0.0,
      0.5,
      0.9826086956521739
    ],
    "bin_count": [
      31,
      37,
      47,
      52,
      33,
      10,
      10,
      5,
      2,
      115
    ],
    "brier_score": 0.08711344636280116
  },
  "seg_dice": 0.9879971701523353,
  "diagnostic_search_on_self": {
    "profile_used": "primary",
    "t_low": 0.27,
    "t_high": 0.5,
    "metrics": {
      "t_low": 0.27,
      "t_high": 0.5,
      "mal_to_low": 0,
      "high_recall": 1.0,
      "high_precision": 0.8028169014084507,
      "medium_share": 0.2953216374269006,
      "low_precision": 0.6868686868686869,
      "n_high_pred": 142,
      "n_med_pred": 101,
      "n_low_pred": 99
    }
  }
}