{
  "phase": "Test-112 (val-thr)",
  "thresholds": {
    "t_low": 0.29000000000000004,
    "t_high": 0.5
  },
  "n_total": 456,
  "confusion_3band": [
    [
      114,
      0,
      0
    ],
    [
      18,
      61,
      35
    ],
    [
      25,
      59,
      144
    ]
  ],
  "confusion_binary_safety": [
    [
      299,
      43
    ],
    [
      0,
      114
    ]
  ],
  "per_band": {
    "high": {
      "n_pred": 157,
      "n_true_ideal_label": 114,
      "ideal_label_name": "malignant",
      "precision": 0.7261146496815286,
      "recall": 1.0,
      "share_of_test": 0.3442982456140351
    },
    "medium": {
      "n_pred": 120,
      "n_true_ideal_label": 114,
      "ideal_label_name": "benign",
      "precision": 0.5083333333333333,
      "recall": 0.5350877192982456,
      "share_of_test": 0.2631578947368421
    },
    "low": {
      "n_pred": 179,
      "n_true_ideal_label": 228,
      "ideal_label_name": "no_tumor",
      "precision": 0.8044692737430168,
      "recall": 0.631578947368421,
      "share_of_test": 0.3925438596491228
    }
  },
  "safety": {
    "mal_to_low": 0,
    "high_recall": 1.0,
    "high_precision": 0.7261146496815286,
    "medium_share": 0.2631578947368421,
    "binary_roc_auc": 0.9993844259772238
  },
  "distribution": {
    "malignant": {
      "n": 114,
      "mean": 0.9956024754465672,
      "std": 0.015828446498110167,
      "min": 0.8979387283325195,
      "max": 0.9997687935829163
    },
    "benign": {
      "n": 114,
      "mean": 0.36604134529306176,
      "std": 0.16782502400534544,
      "min": 0.04218399524688721,
      "max": 0.9701069593429565
    },
    "no_tumor": {
      "n": 228,
      "mean": 0.26778897925753864,
      "std": 0.18377918165512974,
      "min": 0.018167773261666298,
      "max": 0.9979115128517151
    }
  },
  "calibration": {
    "bin_centers": [
      0.05,
      0.15000000000000002,
      0.25,
      0.35000000000000003,
      0.45,
      0.55,
      0.6500000000000001,
      0.75,
      0.8500000000000001,
      0.95
    ],
    "bin_mean_pred": [
      0.05995293080489686,
      0.16005423518292833,
      0.25229819436868034,
      0.3432214736110634,
      0.4486181399761102,
      0.5471436546908485,
      0.6439466843238244,
      0.7626971176692418,
      0.8861869970957438,
      0.9961565856275887
    ],
    "bin_mean_true": [
      0.0,
      0.0,
      0.0,
      0.0,
      0.0,
      0.0,
      0.0,
      0.0,
      0.3333333333333333,
      0.9741379310344828
    ],
    "bin_count": [
      47,
      66,
      75,
      72,
      39,
      18,
      13,
      7,
      3,
      116
    ],
    "brier_score": 0.09334820828258451
  },
  "seg_dice": 0.9874535868334215,
  "diagnostic_search_on_self": {
    "profile_used": "primary",
    "t_low": 0.25000000000000006,
    "t_high": 0.5,
    "metrics": {
      "t_low": 0.25000000000000006,
      "t_high": 0.5,
      "mal_to_low": 0,
      "high_recall": 1.0,
      "high_precision": 0.7261146496815286,
      "medium_share": 0.3355263157894737,
      "low_precision": 0.815068493150685,
      "n_high_pred": 157,
      "n_med_pred": 153,
      "n_low_pred": 146
    }
  }
}