{
  "phase": "Test-111 (E val-thr)",
  "n_total": 342,
  "confusion_3band": [
    [
      114,
      0,
      0
    ],
    [
      2,
      80,
      32
    ],
    [
      2,
      55,
      57
    ]
  ],
  "confusion_binary_safety": [
    [
      224,
      4
    ],
    [
      0,
      114
    ]
  ],
  "per_band": {
    "high": {
      "n_pred": 118,
      "n_true_ideal_label": 114,
      "ideal_label_name": "malignant",
      "precision": 0.9661016949152542,
      "recall": 1.0,
      "share_of_test": 0.34502923976608185
    },
    "medium": {
      "n_pred": 135,
      "n_true_ideal_label": 114,
      "ideal_label_name": "benign",
      "precision": 0.5925925925925926,
      "recall": 0.7017543859649122,
      "share_of_test": 0.39473684210526316
    },
    "low": {
      "n_pred": 89,
      "n_true_ideal_label": 114,
      "ideal_label_name": "no_tumor",
      "precision": 0.6404494382022472,
      "recall": 0.5,
      "share_of_test": 0.260233918128655
    }
  },
  "safety": {
    "mal_to_low": 0,
    "high_recall": 1.0,
    "high_precision": 0.9661016949152542,
    "medium_share": 0.39473684210526316,
    "binary_roc_auc": 1.0
  },
  "distribution": {
    "malignant": {
      "n": 114,
      "mean": 0.9995293333465346,
      "std": 0.0018146594013090673,
      "min": 0.9839157677775703,
      "max": 0.9999970085705722
    },
    "benign": {
      "n": 114,
      "mean": 0.16592134639178246,
      "std": 0.19074549221685935,
      "min": 0.0009298129458459168,
      "max": 0.8954234087044757
    },
    "no_tumor": {
      "n": 114,
      "mean": 0.08115049490243076,
      "std": 0.16136582970487415,
      "min": 0.0006845681159174811,
      "max": 0.9483696049081737
    }
  },
  "calibration": {
    "bin_centers": [
      0.05,
      0.15000000000000002,
      0.25,
      0.35000000000000003,
      0.45,
      0.55,
      0.6500000000000001,
      0.75,
      0.8500000000000001,
      0.95
    ],
    "bin_mean_pred": [
      0.031082511303841123,
      0.1392153006991465,
      0.253829125921609,
      0.34709825142595563,
      0.4553340220558234,
      0.5746591466266024,
      0.622044643776421,
      0.7486325693176294,
      0.8741901596593162,
      0.9984655493452121
    ],
    "bin_mean_true": [
      0.0,
      0.0,
      0.0,
      0.0,
      0.0,
      0.0,
      0.0,
      0.0,
      0.0,
      0.9827586206896551
    ],
    "bin_count": [
      152,
      32,
      16,
      11,
      4,
      4,
      3,
      2,
      2,
      116
    ],
    "brier_score": 0.032180528108202384
  },
  "thresholds": {
    "t_low": 0.05,
    "t_high": 0.5,
    "tau_nt": 0.7,
    "tau_mal": 0.3,
    "tau_ben": 0.3
  },
  "seg_dice": 0.9880921470707861,
  "temperature_T": 0.6155283451080322,
  "raw_brier": 0.040917003865136775,
  "calib_brier": 0.032180528108202384,
  "diagnostic_search_on_self": {
    "mal_to_low": 0,
    "high_recall": 0.9912280701754386,
    "high_precision": 0.9826086956521739,
    "low_precision_nt": 0.6607142857142857,
    "ben_to_low_share": 0.3333333333333333,
    "nt_to_high_share": 0.017543859649122806,
    "nt_to_low_share": 0.6491228070175439,
    "n_high_pred": 115,
    "n_med_pred": 115,
    "n_low_pred": 112,
    "t_low": 0.05,
    "t_high": 0.8999999999999999,
    "tau_nt": 0.6499999999999999,
    "tau_mal": 0.6499999999999999,
    "tau_ben": 0.49999999999999994,
    "objective": 0.8216614906832298,
    "fallback_used": "no_soft_floor"
  }
}