{
  "phase": "Test-112 (E val-thr)",
  "n_total": 456,
  "confusion_3band": [
    [
      114,
      0,
      0
    ],
    [
      2,
      80,
      32
    ],
    [
      3,
      109,
      116
    ]
  ],
  "confusion_binary_safety": [
    [
      337,
      5
    ],
    [
      0,
      114
    ]
  ],
  "per_band": {
    "high": {
      "n_pred": 119,
      "n_true_ideal_label": 114,
      "ideal_label_name": "malignant",
      "precision": 0.957983193277311,
      "recall": 1.0,
      "share_of_test": 0.26096491228070173
    },
    "medium": {
      "n_pred": 189,
      "n_true_ideal_label": 114,
      "ideal_label_name": "benign",
      "precision": 0.42328042328042326,
      "recall": 0.7017543859649122,
      "share_of_test": 0.4144736842105263
    },
    "low": {
      "n_pred": 148,
      "n_true_ideal_label": 228,
      "ideal_label_name": "no_tumor",
      "precision": 0.7837837837837838,
      "recall": 0.5087719298245614,
      "share_of_test": 0.32456140350877194
    }
  },
  "safety": {
    "mal_to_low": 0,
    "high_recall": 1.0,
    "high_precision": 0.957983193277311,
    "medium_share": 0.4144736842105263,
    "binary_roc_auc": 1.0
  },
  "distribution": {
    "malignant": {
      "n": 114,
      "mean": 0.9995293333465346,
      "std": 0.0018146594013090673,
      "min": 0.9839157677775703,
      "max": 0.9999970085705722
    },
    "benign": {
      "n": 114,
      "mean": 0.16592134639178246,
      "std": 0.19074549221685935,
      "min": 0.0009298129458459168,
      "max": 0.8954234087044757
    },
    "no_tumor": {
      "n": 228,
      "mean": 0.08749182224132186,
      "std": 0.16999717426972508,
      "min": 0.0006845691758339188,
      "max": 0.9483713118190061
    }
  },
  "calibration": {
    "bin_centers": [
      0.05,
      0.15000000000000002,
      0.25,
      0.35000000000000003,
      0.45,
      0.55,
      0.6500000000000001,
      0.75,
      0.8500000000000001,
      0.95
    ],
    "bin_mean_pred": [
      0.031130524772472593,
      0.1392520947392441,
      0.24999015641449263,
      0.34567065089209686,
      0.4555886972375693,
      0.5676066210737795,
      0.6320090676650991,
      0.7486325693176294,
      0.8711942307172696,
      0.9974642474908583
    ],
    "bin_mean_true": [
      0.0,
      0.0,
      0.0,
      0.0,
      0.0,
      0.0,
      0.0,
      0.0,
      0.0,
      0.9661016949152542
    ],
    "bin_count": [
      245,
      40,
      19,
      14,
      5,
      6,
      4,
      2,
      3,
      118
    ],
    "brier_score": 0.03425624173573799
  },
  "thresholds": {
    "t_low": 0.05,
    "t_high": 0.5,
    "tau_nt": 0.7,
    "tau_mal": 0.3,
    "tau_ben": 0.3
  },
  "seg_dice": 0.9876253175181012,
  "temperature_T": 0.6155283451080322,
  "raw_brier": 0.0428791841516386,
  "calib_brier": 0.03425624173573799,
  "diagnostic_search_on_self": {
    "mal_to_low": 0,
    "high_recall": 0.9912280701754386,
    "high_precision": 0.9741379310344828,
    "low_precision_nt": 0.7978723404255319,
    "ben_to_low_share": 0.3333333333333333,
    "nt_to_high_share": 0.013157894736842105,
    "nt_to_low_share": 0.6578947368421053,
    "n_high_pred": 116,
    "n_med_pred": 152,
    "n_low_pred": 188,
    "t_low": 0.05,
    "t_high": 0.8999999999999999,
    "tau_nt": 0.6499999999999999,
    "tau_mal": 0.6499999999999999,
    "tau_ben": 0.49999999999999994,
    "objective": 0.8860051357300074,
    "fallback_used": "no_soft_floor"
  }
}