{
  "ckpt": "/data1/ouyangxinglong/GBP-Cascade/0414/logs/20260414_task3_SwinV2Tiny_segcls_3/20260414_task3_SwinV2Tiny_segcls_3_best.pth",
  "num_samples": 456,
  "class_names": [
    "malignant",
    "benign",
    "no_tumor"
  ],
  "phase_1_1_layer_stats": {
    "f0": {
      "silhouette": 0.008982016704976559,
      "bn_centroid_l2": 1.1259270906448364,
      "dim": 96
    },
    "f1": {
      "silhouette": 0.015488465316593647,
      "bn_centroid_l2": 0.9527637958526611,
      "dim": 192
    },
    "f2": {
      "silhouette": 0.035858042538166046,
      "bn_centroid_l2": 2.3452558517456055,
      "dim": 384
    },
    "f3": {
      "silhouette": 0.017794666811823845,
      "bn_centroid_l2": 2.4053916931152344,
      "dim": 768
    },
    "cls_proj": {
      "silhouette": 0.081046462059021,
      "bn_centroid_l2": 0.9784936308860779,
      "dim": 256
    },
    "cls_feat_img": {
      "silhouette": 0.10630722343921661,
      "bn_centroid_l2": 1.5184950828552246,
      "dim": 256
    },
    "cls_feat_320": {
      "silhouette": 0.11499641835689545,
      "bn_centroid_l2": 1.91560959815979,
      "dim": 320
    },
    "penult_128": {
      "silhouette": 0.18244649469852448,
      "bn_centroid_l2": 1.9872212409973145,
      "dim": 128
    }
  },
  "phase_1_2_projection": {
    "pca_var_ratio_pc12": 0.49767211079597473,
    "sil_pca": 0.1635458767414093,
    "sil_tsne": 0.16439418494701385,
    "sil_umap": 0.15479226410388947,
    "ari_tsne": 0.2821017834215837,
    "umap_available": true
  },
  "phase_1_4_distance": {
    "intra_mean": {
      "malignant": 4.744117701262758,
      "benign": 5.1634755657430285,
      "no_tumor": 4.705595314502716
    },
    "centroid_matrix": {
      "malignant_vs_benign": 8.756787300109863,
      "malignant_vs_no_tumor": 9.852057456970215,
      "benign_vs_no_tumor": 1.91560959815979
    },
    "mean_silhouette": 0.11499641835689545
  },
  "phase_1_5_discriminative": {
    "top30_dim": [
      178,
      312,
      109,
      28,
      7,
      177,
      302,
      43,
      239,
      157,
      223,
      206,
      241,
      34,
      129,
      100,
      45,
      126,
      230,
      197,
      30,
      203,
      38,
      288,
      27,
      90,
      61,
      252,
      37,
      59
    ],
    "top30_F": [
      471.8656921386719,
      417.9049072265625,
      416.2450866699219,
      414.68756103515625,
      407.7290344238281,
      403.0299987792969,
      381.9409484863281,
      378.3806457519531,
      374.55926513671875,
      370.22021484375,
      369.0710144042969,
      363.1338806152344,
      359.4775390625,
      359.0005187988281,
      358.1736755371094,
      356.9289855957031,
      353.6392822265625,
      350.88360595703125,
      348.304443359375,
      343.5630798339844,
      343.2080078125,
      336.4425964355469,
      334.71405029296875,
      334.06878662109375,
      332.3319396972656,
      332.12298583984375,
      326.6144104003906,
      325.97613525390625,
      322.9373474121094,
      322.35931396484375
    ],
    "top30_p": [
      0.0,
      0.0,
      0.0,
      0.0,
      0.0,
      0.0,
      0.0,
      0.0,
      0.0,
      0.0,
      0.0,
      0.0,
      0.0,
      0.0,
      0.0,
      0.0,
      0.0,
      0.0,
      0.0,
      0.0,
      0.0,
      0.0,
      0.0,
      0.0,
      0.0,
      0.0,
      0.0,
      0.0,
      0.0,
      0.0
    ],
    "top20_mean_abs_corr": 0.812934973415515
  },
  "phase_1_6_gray_zone": {
    "mal_miss_count": 2,
    "hi_conf_wrong_count": 17,
    "t1": 0.33,
    "t2": 0.66
  },
  "sanity_cls_feat_320_silhouette": 0.11499641835689545
}