{
  "phase": "Test (D2_1_1_2)",
  "thresholds": {
    "t_low": 0.05,
    "t_high": 0.5
  },
  "n_total": 1167,
  "confusion_3band": [
    [
      104,
      0,
      0
    ],
    [
      13,
      84,
      61
    ],
    [
      14,
      220,
      671
    ]
  ],
  "confusion_binary_safety": [
    [
      1036,
      27
    ],
    [
      0,
      104
    ]
  ],
  "per_band": {
    "high": {
      "n_pred": 131,
      "n_true_ideal_label": 104,
      "ideal_label_name": "malignant",
      "precision": 0.7938931297709924,
      "recall": 1.0,
      "share_of_test": 0.11225364181662383
    },
    "medium": {
      "n_pred": 304,
      "n_true_ideal_label": 158,
      "ideal_label_name": "benign",
      "precision": 0.27631578947368424,
      "recall": 0.5316455696202531,
      "share_of_test": 0.26049700085689803
    },
    "low": {
      "n_pred": 732,
      "n_true_ideal_label": 905,
      "ideal_label_name": "no_tumor",
      "precision": 0.9166666666666666,
      "recall": 0.7414364640883978,
      "share_of_test": 0.6272493573264781
    }
  },
  "safety": {
    "mal_to_low": 0,
    "high_recall": 1.0,
    "high_precision": 0.7938931297709924,
    "medium_share": 0.26049700085689803,
    "binary_roc_auc": 0.9996743613864968
  },
  "distribution": {
    "malignant": {
      "n": 104,
      "mean": 0.966735795713388,
      "std": 0.08155509798173452,
      "min": 0.5543535947799683,
      "max": 0.9997923970222473
    },
    "benign": {
      "n": 158,
      "mean": 0.19988142238462733,
      "std": 0.19608097331891636,
      "min": 0.00055099674500525,
      "max": 0.6846746206283569
    },
    "no_tumor": {
      "n": 905,
      "mean": 0.06656513133254134,
      "std": 0.12919222692614085,
      "min": 0.00031107518589124084,
      "max": 0.9119424819946289
    }
  },
  "calibration": {
    "bin_centers": [
      0.05,
      0.15000000000000002,
      0.25,
      0.35000000000000003,
      0.45,
      0.55,
      0.6500000000000001,
      0.75,
      0.8500000000000001,
      0.95
    ],
    "bin_mean_pred": [
      0.013479558283540924,
      0.14489922545305112,
      0.254409414822938,
      0.3479713219404221,
      0.4554809826341542,
      0.530689673764365,
      0.6521806716918945,
      0.74994195997715,
      0.844830060005188,
      0.9926488226459872
    ],
    "bin_mean_true": [
      0.0,
      0.0,
      0.0,
      0.0,
      0.0,
      0.07142857142857142,
      0.13333333333333333,
      1.0,
      1.0,
      0.989247311827957
    ],
    "bin_count": [
      799,
      82,
      61,
      50,
      44,
      14,
      15,
      4,
      5,
      93
    ],
    "brier_score": 0.027685568584413373
  },
  "seg_dice": 0.9723807097370945,
  "exp_label": "D2_1_1_2",
  "sampler_mode": "natural",
  "samples_per_class": null,
  "train_xlsx": "/data1/ouyangxinglong/GBP-Cascade/0514dataset_flat/ratio_ablation_splits/train_D2_1_1_2.xlsx",
  "best_epoch": 18,
  "best_val_auc": 0.9982177864908216
}