{
  "phase": "Test-111 (F argmax+tau_safe)",
  "n_total": 342,
  "confusion_3band": [
    [
      113,
      1,
      0
    ],
    [
      0,
      99,
      15
    ],
    [
      0,
      89,
      25
    ]
  ],
  "confusion_binary_safety": [
    [
      228,
      0
    ],
    [
      1,
      113
    ]
  ],
  "per_band": {
    "high": {
      "n_pred": 113,
      "n_true_ideal_label": 114,
      "ideal_label_name": "malignant",
      "precision": 1.0,
      "recall": 0.9912280701754386,
      "share_of_test": 0.3304093567251462
    },
    "medium": {
      "n_pred": 189,
      "n_true_ideal_label": 114,
      "ideal_label_name": "benign",
      "precision": 0.5238095238095238,
      "recall": 0.868421052631579,
      "share_of_test": 0.5526315789473685
    },
    "low": {
      "n_pred": 40,
      "n_true_ideal_label": 114,
      "ideal_label_name": "no_tumor",
      "precision": 0.625,
      "recall": 0.21929824561403508,
      "share_of_test": 0.11695906432748537
    }
  },
  "safety": {
    "mal_to_low": 0,
    "high_recall": 0.9912280701754386,
    "high_precision": 1.0,
    "medium_share": 0.5526315789473685,
    "binary_roc_auc": 0.9999230532471529
  },
  "distribution": {
    "malignant": {
      "n": 114,
      "mean": 0.9577919819898773,
      "std": 0.1027745166865555,
      "min": 0.3349202871322632,
      "max": 0.9953095316886902
    },
    "benign": {
      "n": 114,
      "mean": 0.010863225390366688,
      "std": 0.02057931339054649,
      "min": 0.0032080074306577444,
      "max": 0.18313729763031006
    },
    "no_tumor": {
      "n": 114,
      "mean": 0.013633726129978242,
      "std": 0.048541521331857546,
      "min": 0.0033316100016236305,
      "max": 0.3954401910305023
    }
  },
  "calibration": {
    "bin_centers": [
      0.05,
      0.15000000000000002,
      0.25,
      0.35000000000000003,
      0.45,
      0.55,
      0.6500000000000001,
      0.75,
      0.8500000000000001,
      0.95
    ],
    "bin_mean_pred": [
      0.007852739623298735,
      0.14678385481238365,
      0.0,
      0.35833045840263367,
      0.0,
      0.5470533967018127,
      0.6737291812896729,
      0.7336352666219076,
      0.8493012487888336,
      0.9883695069481345
    ],
    "bin_mean_true": [
      0.0,
      0.0,
      0.0,
      0.3333333333333333,
      0.0,
      1.0,
      1.0,
      1.0,
      1.0,
      1.0
    ],
    "bin_count": [
      224,
      2,
      0,
      3,
      0,
      2,
      2,
      3,
      4,
      102
    ],
    "brier_score": 0.005142597883801529
  },
  "thresholds": {
    "tau_safe": 0.44000000000000006
  },
  "seg_dice": 0.9287884975301808,
  "p_high_brier": 0.005142597883801529,
  "diagnostic_search_on_self": {
    "mal_to_low": 0,
    "high_recall": 0.9912280701754386,
    "high_precision": 1.0,
    "low_precision_nt": 0.625,
    "ben_to_low_share": 0.13157894736842105,
    "nt_to_high_share": 0.0,
    "nt_to_low_share": 0.21929824561403508,
    "n_high_pred": 113,
    "n_med_pred": 189,
    "n_low_pred": 40,
    "tau_safe": 0.5000000000000001,
    "objective": 0.8125,
    "fallback_used": "soft_relaxed_0.20"
  }
}