{
  "phase": "Test-112 (F argmax+tau_safe)",
  "n_total": 456,
  "confusion_3band": [
    [
      113,
      1,
      0
    ],
    [
      0,
      99,
      15
    ],
    [
      1,
      180,
      47
    ]
  ],
  "confusion_binary_safety": [
    [
      341,
      1
    ],
    [
      1,
      113
    ]
  ],
  "per_band": {
    "high": {
      "n_pred": 114,
      "n_true_ideal_label": 114,
      "ideal_label_name": "malignant",
      "precision": 0.9912280701754386,
      "recall": 0.9912280701754386,
      "share_of_test": 0.25
    },
    "medium": {
      "n_pred": 280,
      "n_true_ideal_label": 114,
      "ideal_label_name": "benign",
      "precision": 0.3535714285714286,
      "recall": 0.868421052631579,
      "share_of_test": 0.6140350877192983
    },
    "low": {
      "n_pred": 62,
      "n_true_ideal_label": 228,
      "ideal_label_name": "no_tumor",
      "precision": 0.7580645161290323,
      "recall": 0.20614035087719298,
      "share_of_test": 0.13596491228070176
    }
  },
  "safety": {
    "mal_to_low": 0,
    "high_recall": 0.9912280701754386,
    "high_precision": 0.9912280701754386,
    "medium_share": 0.6140350877192983,
    "binary_roc_auc": 0.9998717554119216
  },
  "distribution": {
    "malignant": {
      "n": 114,
      "mean": 0.9577919819898773,
      "std": 0.1027745166865555,
      "min": 0.3349202871322632,
      "max": 0.9953095316886902
    },
    "benign": {
      "n": 114,
      "mean": 0.010863225390366688,
      "std": 0.02057931339054649,
      "min": 0.0032080074306577444,
      "max": 0.18313729763031006
    },
    "no_tumor": {
      "n": 228,
      "mean": 0.01416036665435521,
      "std": 0.055184737390050094,
      "min": 0.0030693013686686754,
      "max": 0.6177194714546204
    }
  },
  "calibration": {
    "bin_centers": [
      0.05,
      0.15000000000000002,
      0.25,
      0.35000000000000003,
      0.45,
      0.55,
      0.6500000000000001,
      0.75,
      0.8500000000000001,
      0.95
    ],
    "bin_mean_pred": [
      0.007689788600795769,
      0.14678385481238365,
      0.23185427486896515,
      0.358327051003774,
      0.0,
      0.5470533967018127,
      0.655059278011322,
      0.7336352666219076,
      0.8493012487888336,
      0.9883695069481345
    ],
    "bin_mean_true": [
      0.0,
      0.0,
      0.0,
      0.3333333333333333,
      0.0,
      1.0,
      0.6666666666666666,
      1.0,
      1.0,
      1.0
    ],
    "bin_count": [
      336,
      2,
      1,
      3,
      0,
      2,
      3,
      3,
      4,
      102
    ],
    "brier_score": 0.004844344579798823
  },
  "thresholds": {
    "tau_safe": 0.44000000000000006
  },
  "seg_dice": 0.9273359498312307,
  "p_high_brier": 0.004844344579798823,
  "diagnostic_search_on_self": {
    "mal_to_low": 0,
    "high_recall": 0.9912280701754386,
    "high_precision": 0.9912280701754386,
    "low_precision_nt": 0.7580645161290323,
    "ben_to_low_share": 0.13157894736842105,
    "nt_to_high_share": 0.0043859649122807015,
    "nt_to_low_share": 0.20614035087719298,
    "n_high_pred": 114,
    "n_med_pred": 280,
    "n_low_pred": 62,
    "tau_safe": 0.5000000000000001,
    "objective": 0.8746462931522354,
    "fallback_used": "soft_relaxed_0.20"
  }
}