{
  "phase": "Test (S1_1_1_1)",
  "thresholds": {
    "t_low": 0.15000000000000002,
    "t_high": 0.5
  },
  "n_total": 1167,
  "confusion_3band": [
    [
      104,
      0,
      0
    ],
    [
      25,
      83,
      50
    ],
    [
      40,
      251,
      614
    ]
  ],
  "confusion_binary_safety": [
    [
      998,
      65
    ],
    [
      0,
      104
    ]
  ],
  "per_band": {
    "high": {
      "n_pred": 169,
      "n_true_ideal_label": 104,
      "ideal_label_name": "malignant",
      "precision": 0.6153846153846154,
      "recall": 1.0,
      "share_of_test": 0.14481576692373607
    },
    "medium": {
      "n_pred": 334,
      "n_true_ideal_label": 158,
      "ideal_label_name": "benign",
      "precision": 0.24850299401197604,
      "recall": 0.5253164556962026,
      "share_of_test": 0.286203941730934
    },
    "low": {
      "n_pred": 664,
      "n_true_ideal_label": 905,
      "ideal_label_name": "no_tumor",
      "precision": 0.9246987951807228,
      "recall": 0.6784530386740332,
      "share_of_test": 0.5689802913453299
    }
  },
  "safety": {
    "mal_to_low": 0,
    "high_recall": 1.0,
    "high_precision": 0.6153846153846154,
    "medium_share": 0.286203941730934,
    "binary_roc_auc": 0.9997648165569144
  },
  "distribution": {
    "malignant": {
      "n": 104,
      "mean": 0.9957615360617638,
      "std": 0.023378682646055558,
      "min": 0.7652681469917297,
      "max": 0.9997407793998718
    },
    "benign": {
      "n": 158,
      "mean": 0.2972738259247964,
      "std": 0.22717242845813387,
      "min": 0.00948925781995058,
      "max": 0.9844536185264587
    },
    "no_tumor": {
      "n": 905,
      "mean": 0.14453591968431986,
      "std": 0.16055584485555505,
      "min": 0.004941618535667658,
      "max": 0.9898204803466797
    }
  },
  "calibration": {
    "bin_centers": [
      0.05,
      0.15000000000000002,
      0.25,
      0.35000000000000003,
      0.45,
      0.55,
      0.6500000000000001,
      0.75,
      0.8500000000000001,
      0.95
    ],
    "bin_mean_pred": [
      0.043818984984385745,
      0.1425605161950506,
      0.24573515149635997,
      0.3509196394256183,
      0.4473931423077981,
      0.5483068117388973,
      0.6604965726534525,
      0.741386050527746,
      0.8551575541496277,
      0.9959633301604878
    ],
    "bin_mean_true": [
      0.0,
      0.0,
      0.0,
      0.0,
      0.0,
      0.0,
      0.0,
      0.09090909090909091,
      0.0,
      0.9363636363636364
    ],
    "bin_count": [
      540,
      203,
      123,
      84,
      48,
      27,
      15,
      11,
      6,
      110
    ],
    "brier_score": 0.05519337913830907
  },
  "seg_dice": 0.9485930384204374,
  "exp_label": "S1_1_1_1",
  "sampler_mode": "1_1_1",
  "samples_per_class": {
    "0": 2,
    "1": 2,
    "2": 2
  },
  "train_xlsx": "/data1/ouyangxinglong/GBP-Cascade/0514/logs/20260514_task_risk_SwinV2Tiny_ordinal_trimodal_1/train_split.xlsx",
  "best_epoch": 2,
  "best_val_auc": 0.9980395651399038
}