{
  "phase": "Test (D1_1_1_1)",
  "thresholds": {
    "t_low": 0.31000000000000005,
    "t_high": 0.5
  },
  "n_total": 1167,
  "confusion_3band": [
    [
      103,
      1,
      0
    ],
    [
      11,
      56,
      91
    ],
    [
      13,
      94,
      798
    ]
  ],
  "confusion_binary_safety": [
    [
      1039,
      24
    ],
    [
      1,
      103
    ]
  ],
  "per_band": {
    "high": {
      "n_pred": 127,
      "n_true_ideal_label": 104,
      "ideal_label_name": "malignant",
      "precision": 0.8110236220472441,
      "recall": 0.9903846153846154,
      "share_of_test": 0.10882604970008569
    },
    "medium": {
      "n_pred": 151,
      "n_true_ideal_label": 158,
      "ideal_label_name": "benign",
      "precision": 0.3708609271523179,
      "recall": 0.35443037974683544,
      "share_of_test": 0.1293916023993145
    },
    "low": {
      "n_pred": 889,
      "n_true_ideal_label": 905,
      "ideal_label_name": "no_tumor",
      "precision": 0.8976377952755905,
      "recall": 0.881767955801105,
      "share_of_test": 0.7617823479005998
    }
  },
  "safety": {
    "mal_to_low": 0,
    "high_recall": 0.9903846153846154,
    "high_precision": 0.8110236220472441,
    "medium_share": 0.1293916023993145,
    "binary_roc_auc": 0.9994934510456618
  },
  "distribution": {
    "malignant": {
      "n": 104,
      "mean": 0.9603711767838552,
      "std": 0.08604686346809866,
      "min": 0.4783843755722046,
      "max": 0.9998304843902588
    },
    "benign": {
      "n": 158,
      "mean": 0.26088543536872427,
      "std": 0.1682951394620378,
      "min": 0.002409267006441951,
      "max": 0.6808154582977295
    },
    "no_tumor": {
      "n": 905,
      "mean": 0.13016974886349345,
      "std": 0.13483502854950513,
      "min": 0.0011361186625435948,
      "max": 0.8194179534912109
    }
  },
  "calibration": {
    "bin_centers": [
      0.05,
      0.15000000000000002,
      0.25,
      0.35000000000000003,
      0.45,
      0.55,
      0.6500000000000001,
      0.8500000000000001,
      0.95
    ],
    "bin_mean_pred": [
      0.03484817590926185,
      0.14251422241854309,
      0.24475610556287897,
      0.35023008862344346,
      0.4433909839107877,
      0.5464770098527273,
      0.6517922026770455,
      0.8479675700267156,
      0.9871247033278148
    ],
    "bin_mean_true": [
      0.0,
      0.0,
      0.0,
      0.0,
      0.015873015873015872,
      0.05555555555555555,
      0.14285714285714285,
      0.9166666666666666,
      1.0
    ],
    "bin_count": [
      533,
      199,
      144,
      101,
      63,
      18,
      7,
      12,
      90
    ],
    "brier_score": 0.04108817555147002
  },
  "seg_dice": 0.9592533547486832,
  "exp_label": "D1_1_1_1",
  "sampler_mode": "natural",
  "samples_per_class": null,
  "train_xlsx": "/data1/ouyangxinglong/GBP-Cascade/0514dataset_flat/ratio_ablation_splits/train_D1_1_1_1.xlsx",
  "best_epoch": 10,
  "best_val_auc": 0.9968811263589378
}